param,est,lo95,hi95,lo90,hi90,p
a_em,0.12699256801591546,0.02730808844610493,0.2298048238463206,0.04365140183058894,0.21507417290295622,0.0136
a_pc,0.09592226836386067,-0.01757917467764658,0.2071323969698065,0.001262965154418262,0.18887467631735555,0.0964
a_es,0.09909218113522746,-0.01759999104687013,0.20977797693653788,0.0009489192905671052,0.19506754261409925,0.0952
a_ps,0.2658309791512905,0.15484537134797047,0.37407896122393625,0.17117943817834702,0.3577293964005845,0.0
a_fr,0.1183241411545071,0.0004318816840088571,0.23261309529303764,0.02078010174547948,0.21574375191852352,0.0488
b,0.12462671895514932,0.016231245942136097,0.22462277396688496,0.033778999068110084,0.2111467033281064,0.0244
cp_em,0.13179931530261085,0.022783180584866503,0.24404403194535607,0.03944887100224702,0.22613298029182724,0.0216
cp_pc,0.2023596045281685,0.08058761554511784,0.31792078442500915,0.10075383787921112,0.30042741833729325,0.0008
cp_es,-0.03547657931645537,-0.15810457755633742,0.09235485465687394,-0.14157266217333941,0.06995773945303727,0.5588
cp_ps,0.16965539661305012,0.05732233463834496,0.2856168364498684,0.07412761933454948,0.26913422627342165,0.0044
cp_fr,-0.051383842016508384,-0.1701029488520286,0.06791670210745564,-0.1514085737861807,0.048399195948747246,0.3988
ind_em,0.015827503392816508,0.000822478230240649,0.03841805941785769,0.0023945082048699396,0.033759128395162145,0.0372
ind_pc,0.011916181148473756,-0.002483356730238567,0.032496898441077574,-0.00039132529600217545,0.027739115619679223,0.1176
ind_es,0.012358548284869804,-0.0025894745546110346,0.0338118538993297,-0.00045169350423817614,0.02967224434108287,0.118
ind_ps,0.033145652817321146,0.004185581275847163,0.06951014053730538,0.007961615659005557,0.06283252697957484,0.0244
ind_fr,0.014738824681204684,-0.0007831673359508787,0.03719792627733767,0.0008441579559877785,0.03312400644643777,0.0732
a_aff,0.23210641706833451,0.11760010826821174,0.34394782246388167,0.1394048476477334,0.3237262236387,0.0
a_org,0.2815030489909741,0.16643481968586732,0.39344354960388167,0.18610870193727738,0.3751822941443815,0.0
b2,0.14908288261043884,0.03642907995412851,0.25540427223521545,0.05416310965702707,0.23954202395033508,0.0096
cp_aff,0.19791016620198051,0.07641126133104595,0.3142001260165039,0.09452281076340253,0.29641944781769597,0.0012
cp_org,0.06326349084917268,-0.056613710478022626,0.18655657635230383,-0.03915125920913763,0.166132955908997,0.314
ind_aff,0.034595172102621904,0.007309281864862427,0.0677852817892326,0.01137047280035944,0.06046998755946674,0.0096
ind_org,0.04197156407245697,0.00944863169829311,0.08151590915608689,0.013354257982348489,0.07488771175434367,0.0096
diff_aff_org_joint,-0.007376391969835069,-0.046591581326293284,0.024106397486060478,-0.03827671419125535,0.017651253380929356,0.6396
sep_em,0.0644675058954185,0.03187121024508667,0.1017654689234965,0.0364445075754242,0.09412534575984324,0.0004
sep_pc,0.04834664835597226,0.017979326646071284,0.08273523667752145,0.022362142943218873,0.07689333418385427,0.002
sep_es,0.07609388784269928,0.03861515417749754,0.11803498718362102,0.043561452380274764,0.11074366979296771,0.0004
sep_ps,0.05775410957400201,0.01947784386690728,0.09991813869478995,0.025126747567812,0.09287302521552182,0.0052
sep_fr,0.06534627203767371,0.032165121389581386,0.10267437792369692,0.03716287743711708,0.09498416924655127,0.0
diff_aff_org_sep,0.0014191565588588272,-0.01274718037969579,0.017416462233035997,-0.010725040549532803,0.01434568845680488,0.86
sepdiff_em_pc,0.01612085753944626,-0.008456334556637897,0.04030422449678735,-0.004019413056001103,0.0357917057578915,0.1744
sepdiff_em_es,-0.011626381947280783,-0.03578957068358609,0.007430530512700835,-0.030542605510069643,0.004423680793234039,0.24
sepdiff_em_ps,0.006713396321416512,-0.0231590346498295,0.030204778470798978,-0.016513377933918272,0.026117857191720946,0.5808
sepdiff_em_fr,-0.0008787661422552065,-0.025302843941482304,0.026967254630956332,-0.021203253740789553,0.022257852858536462,0.9056
sepdiff_pc_es,-0.027747239486727044,-0.05376129902762582,-0.004815706052644419,-0.04908853122128856,-0.008579343380539858,0.0188
sepdiff_pc_ps,-0.00940746121802975,-0.02995511047334613,0.0071492838643531205,-0.025739085518447627,0.004372606813746774,0.2816
sepdiff_pc_fr,-0.016999623681701468,-0.047816652765134436,0.018100231117620283,-0.04254379195312696,0.01218229935972474,0.3024
sepdiff_es_ps,0.01833977826869729,-0.009383856982233854,0.044650701808645686,-0.004474975325932836,0.04039772946418806,0.168
sepdiff_es_fr,0.010747615805025573,-0.014983069160250622,0.04285273060903796,-0.011413216903353342,0.037021153046525354,0.4512
sepdiff_ps_fr,-0.00759216246367172,-0.039318258536562484,0.03206374179926682,-0.03469546792780173,0.023956540847594295,0.6284
jointdiff_em_pc,0.003911322244342754,-0.01658458021034745,0.030318346709924886,-0.012307412709638393,0.024649141652849663,0.6748
jointdiff_em_es,0.0034689551079467073,-0.01882300234474977,0.03047862618695783,-0.01418949442045925,0.02513920485293679,0.7568
jointdiff_em_ps,-0.017318149424504645,-0.04932897278509943,0.0030747978553319734,-0.04269431556016735,0.0005285339497875811,0.1196
jointdiff_em_fr,0.0010886787116118246,-0.022025915272511437,0.02646801788397271,-0.017146345670554376,0.021196011047841384,0.9068
jointdiff_pc_es,-0.0004423671363960469,-0.0257707205162554,0.023705950538642204,-0.02032562206217481,0.018596691227759435,0.9572
jointdiff_pc_ps,-0.02122947166884739,-0.06033807801308257,0.0024834509958927015,-0.05273263350351548,-0.00015322000926117207,0.0932
jointdiff_pc_fr,-0.00282264353273093,-0.025119222961800438,0.016905626699374364,-0.02121838202164946,0.01354940068378559,0.7476
jointdiff_es_ps,-0.020787104532451344,-0.05697529531556314,0.00110944612298659,-0.049699745089410136,-0.0008248026545744514,0.0748
jointdiff_es_fr,-0.002380276396334882,-0.031712815939790875,0.024542592257073774,-0.025920735399055032,0.019731774160684494,0.8464
jointdiff_ps_fr,0.018406828136116462,-0.0021839234198474744,0.052078885485219474,7.182482010722133e-05,0.04538197026837969,0.0976
