param,est,lo,hi,p
a,0.6042945231495582,0.4984917833991998,0.7054818073943293,0.0
b,0.17210481685947204,-0.0029937788704087393,0.3455462875780929,0.054
cprime,0.24915550071161713,0.099977844505956,0.3921688609726927,0.0016
c,0.3531513231667359,0.25397141763045783,0.4491328409899807,0.0
indirect,0.10399582245511889,-0.0019525281618491615,0.21547077804799483,0.054
alpha_fad,0.8370072727699178,0.8131658975018959,0.8557115612726698,0.0
alpha_ls,0.680081303843633,0.6269033000096371,0.7241322815696951,0.0
alpha_le,0.9289948063989456,0.9160912906450168,0.939637111279908,0.0
indirect_observed,0.06558488011335188,0.015794585804429558,0.11789601728614418,0.0072
