id,lbc,girl,age,grade,divorced,grandparent,both_parents_migrated,separation_over_5y,n_siblings,birth_order,b13_source,b1,b2,b3,b4,b5,b6,b7,b8,b9,b10,b11,b12,b13,b14,b15,b16,b17,b18,b19,b20,b21,b22,b23,b24,b25,b26,b27,b28,b29,b30,c1,c2,c3,c4,c5,f1,f2,f3,f4,f5,f6,f7,f8,f9,f10,f11,f12,f13,f14,f15,f16,f17,fad_total,affective_interaction,positive_communication,self_centredness_rev,problem_solving,family_rules,life_satisfaction,engagement_total,vigour,dedication,absorption
1,0,0,13,6,1,,,,2,2,missing (imputed in analyses),3,4,1,1,3,3,3,1,1,2,3,1,,4,4,4,4,4,3,3,3,2,4,1,3,4,1,4,2,3,2,2,1,2,1,1,1,1,1,1,1,1,1,1,1,1,1,1,1,1,1,1,,19,,23,16,14,8,17,6,5,6
2,0,0,13,6,0,,,,4,4,missing (imputed in analyses),4,4,3,2,2,4,2,2,3,3,3,2,,4,3,4,4,4,3,4,3,3,3,3,3,2,4,2,3,4,3,4,5,3,1,6,6,6,5,5,4,5,4,6,5,7,5,4,4,5,7,6,,23,,22,19,15,16,90,32,27,31
3,0,1,13,6,0,,,,4,4,missing (imputed in analyses),4,4,4,4,4,4,4,1,4,4,4,3,,4,4,4,4,4,4,3,3,3,4,3,3,2,3,2,2,3,4,5,5,5,1,5,6,5,4,4,5,6,6,6,6,7,5,7,5,4,4,7,,29,,24,19,12,20,92,29,31,32
4,0,0,13,6,0,,,,3,3,missing (imputed in analyses),4,4,4,1,4,4,4,4,1,3,1,3,,4,4,4,4,4,4,1,4,1,3,3,3,2,4,4,4,4,6,4,7,7,5,7,7,7,7,7,7,7,7,7,7,7,4,7,7,7,7,7,,29,,24,15,18,29,116,42,35,39
5,0,0,13,6,0,,,,4,3,missing (imputed in analyses),4,4,3,4,4,4,4,4,3,2,4,4,,4,4,4,4,4,4,1,4,3,4,4,4,1,4,4,4,4,6,6,6,1,1,1,1,1,1,1,1,1,1,1,1,1,3,4,5,3,3,1,,31,,24,20,17,20,30,6,5,19
6,1,1,13,6,0,0,0,1,4,4,2024 entry,4,4,4,2,4,4,4,3,2,4,4,4,4,3,2,3,4,4,3,4,3,3,3,3,2,3,3,3,3,2,5,5,4,5,2,5,5,6,3,3,5,6,6,7,5,5,5,7,6,5,5,6,98,29,18,19,18,14,21,90,27,29,34
7,0,0,13,6,0,,,,2,1,missing (imputed in analyses),2,2,1,1,1,1,1,1,4,4,1,1,,4,4,4,3,3,2,3,3,3,2,4,2,2,1,2,1,3,3,5,1,1,1,1,5,5,5,5,5,5,5,5,5,5,1,1,1,1,6,6,,10,,20,17,9,11,67,26,25,16
8,1,1,13,6,0,0,0,1,5,3,2024 entry,4,4,4,4,4,4,4,3,4,4,2,1,1,4,4,4,1,4,4,1,1,3,4,4,4,3,4,2,4,3,7,7,7,7,1,1,5,7,2,2,4,7,7,5,5,5,4,3,4,7,4,4,97,31,12,21,17,16,29,76,21,29,26
9,1,1,13,6,0,1,1,1,5,3,2024 entry,4,4,4,3,4,4,3,1,2,1,2,4,1,4,4,4,4,4,4,4,3,3,4,4,3,4,4,3,4,4,3,3,5,4,2,2,7,6,6,6,6,6,6,6,6,6,6,6,6,7,6,7,101,27,10,24,21,19,17,101,33,30,38
10,1,1,12,6,1,1,1,1,1,1,2024 entry,4,4,4,4,4,2,4,4,1,1,1,3,3,1,4,1,4,4,4,3,4,4,3,3,3,4,4,4,3,4,5,6,7,7,7,5,5,5,5,5,5,5,5,5,5,5,5,5,5,5,5,5,96,30,9,18,20,19,32,85,30,25,30
11,0,0,13,6,0,,,,2,2,missing (imputed in analyses),4,4,2,4,2,1,3,1,3,2,4,3,,3,1,4,4,3,4,1,1,2,1,2,1,1,3,2,2,3,3,4,2,3,5,4,4,4,3,3,2,1,4,2,5,2,3,1,1,1,1,1,,21,,19,8,11,17,42,20,14,8
12,0,0,13,6,0,,,,3,3,missing (imputed in analyses),4,4,4,4,4,4,2,1,2,1,1,4,,2,4,4,4,4,4,4,4,1,4,4,3,1,4,2,2,1,1,5,7,4,1,1,7,2,1,1,1,1,5,5,5,7,1,1,2,1,1,1,,27,,22,20,10,18,43,13,23,7
13,0,0,12,6,0,,,,5,3,missing (imputed in analyses),4,2,4,2,3,4,4,3,4,4,4,4,,4,4,4,4,4,4,4,4,4,4,4,3,4,4,1,2,3,4,6,3,5,4,2,2,6,1,1,2,1,5,3,6,1,1,1,1,1,1,4,,26,,24,23,14,22,39,14,16,9
14,0,1,13,6,0,,,,3,2,missing (imputed in analyses),3,3,3,4,3,2,3,4,4,1,4,3,,4,1,4,2,4,2,2,2,4,4,4,3,1,1,3,4,3,1,4,2,4,4,6,4,6,1,1,5,5,3,3,1,5,6,6,3,6,5,7,,25,,17,19,12,15,73,23,17,33
15,1,0,13,6,0,1,1,1,2,2,2024 entry,4,3,4,3,4,2,4,2,1,1,2,1,2,3,4,4,3,3,4,1,1,1,2,2,2,4,4,4,4,4,1,1,2,2,2,1,1,1,1,1,1,1,1,1,1,1,1,1,1,1,1,1,83,26,7,21,9,20,8,17,6,5,6
16,0,0,12,6,0,,,,3,3,missing (imputed in analyses),2,2,3,3,3,4,4,4,3,2,4,4,,4,3,4,3,4,2,3,2,3,3,2,3,2,2,2,2,3,5,6,5,5,3,1,3,4,1,2,4,3,4,2,6,4,1,1,1,1,1,1,,25,,20,16,11,24,40,15,19,6
17,1,0,13,6,0,1,1,1,2,1,2024 entry,4,4,4,4,4,4,4,3,2,2,2,3,3,2,2,2,3,1,2,2,1,2,3,3,2,3,3,2,2,2,4,4,4,4,4,4,4,4,4,4,4,4,4,4,4,4,4,4,4,4,4,4,80,31,12,12,13,12,20,68,24,20,24
18,0,0,13,6,0,,,,5,4,missing (imputed in analyses),4,4,4,4,4,4,4,1,4,4,1,1,,4,4,4,4,4,4,4,4,4,4,4,4,1,4,1,1,4,1,7,6,6,1,7,7,7,5,7,7,7,7,7,7,7,7,7,5,7,7,7,,29,,24,24,11,21,115,40,35,40
19,0,1,12,6,0,,,,4,4,missing (imputed in analyses),2,2,1,2,2,2,2,2,3,3,3,3,,2,2,2,2,2,2,3,3,3,3,3,3,2,2,2,2,2,3,2,2,3,3,4,3,3,3,3,3,4,4,4,4,4,4,3,3,3,3,3,,15,,12,18,10,13,58,19,20,19
20,1,1,13,6,0,1,1,1,4,3,2024 entry,3,4,4,4,1,4,4,4,4,4,4,3,3,4,4,4,4,4,4,4,4,4,3,3,3,2,3,2,3,4,2,3,6,1,1,5,5,6,5,6,7,6,5,5,5,5,5,5,5,5,5,5,105,28,18,24,21,14,13,90,34,26,30
21,1,1,13,6,0,1,1,1,3,2,2024 entry,4,4,4,4,4,4,4,4,3,4,3,3,1,4,3,4,3,2,2,3,3,3,3,3,3,3,4,4,4,3,4,5,6,3,4,6,6,6,4,6,6,6,6,6,6,6,6,5,6,6,5,5,100,32,14,18,18,18,22,97,34,30,33
22,0,1,13,6,0,,,,3,1,missing (imputed in analyses),4,4,4,4,4,1,4,4,4,4,4,4,,4,4,1,4,4,4,4,4,4,4,4,4,1,4,1,4,4,4,7,5,7,1,2,4,1,1,2,1,7,7,7,7,7,1,7,4,4,3,7,,29,,21,24,14,24,72,11,35,26
23,0,1,13,6,0,,,,4,2,missing (imputed in analyses),4,4,4,4,4,1,4,4,1,2,3,1,,4,3,3,4,4,3,1,3,3,1,2,1,3,4,3,2,4,4,5,1,1,1,6,7,6,5,1,1,1,1,1,1,1,2,3,1,1,2,2,,29,,21,11,16,12,42,26,5,11
24,0,0,13,6,0,,,,4,2,missing (imputed in analyses),4,4,4,1,2,3,4,3,2,1,2,2,,4,1,4,4,4,4,4,1,1,4,4,1,1,4,1,4,4,1,4,5,1,7,2,2,4,2,4,6,5,5,5,5,5,5,5,5,5,5,5,,25,,21,15,14,18,75,20,25,30
25,1,0,14,6,0,1,1,1,3,3,2024 entry,4,3,4,3,1,3,3,4,2,2,4,4,4,4,4,3,3,4,1,4,1,4,4,1,2,4,4,1,3,4,1,4,2,2,2,1,5,4,1,4,4,1,1,1,1,1,1,3,3,1,1,5,92,25,16,19,16,16,11,38,19,5,14
26,0,0,14,6,0,,,,2,2,missing (imputed in analyses),4,4,4,4,4,4,4,4,4,4,4,4,,4,4,4,4,4,4,4,4,2,2,4,4,3,4,4,4,4,7,7,7,1,5,7,7,7,7,7,7,7,7,7,7,7,7,7,7,7,7,7,,32,,24,20,19,27,119,42,35,42
27,1,1,13,6,0,0,0,0,4,4,2024 entry,3,3,3,2,3,3,4,3,3,3,3,2,4,3,2,4,4,4,4,3,4,2,3,2,2,4,4,2,3,3,5,2,4,5,5,5,5,2,4,1,5,4,4,6,1,2,1,5,4,5,1,6,92,24,15,21,16,16,21,61,22,17,22
28,0,1,13,6,0,,,,3,1,missing (imputed in analyses),3,3,2,4,3,4,3,1,3,4,4,4,,4,4,4,4,4,3,3,4,4,3,3,3,2,4,2,3,2,5,5,6,4,4,5,4,7,6,3,4,5,4,3,6,4,5,2,4,6,5,4,,23,,23,20,13,24,77,29,22,26
29,0,0,13,6,1,,,,3,1,missing (imputed in analyses),4,4,4,4,4,4,4,4,3,4,4,4,,4,4,4,4,4,4,4,4,4,4,4,4,2,4,4,2,4,5,5,7,1,2,2,2,7,4,1,1,7,7,7,7,7,1,5,5,7,5,7,,32,,24,24,16,20,82,17,35,30
30,0,1,13,6,0,,,,3,1,missing (imputed in analyses),4,3,4,4,1,4,4,4,4,2,3,4,,2,4,4,4,4,4,3,3,3,4,3,3,2,3,2,4,4,4,4,6,6,1,5,6,6,7,7,4,6,6,5,3,6,6,3,3,1,2,2,,28,,22,19,15,21,78,35,26,17
31,1,1,13,6,0,1,1,1,5,2,2024 entry,3,2,2,3,2,3,2,2,2,3,4,2,3,3,2,1,3,3,2,3,2,3,2,3,2,3,3,3,2,3,2,3,4,4,4,2,4,7,2,2,4,6,2,5,4,6,4,3,7,3,7,4,76,19,14,14,15,14,17,72,21,23,28
32,1,1,13,6,1,1,1,0,3,3,2024 entry,4,3,4,2,4,4,3,3,3,4,3,2,4,4,3,3,3,4,4,3,3,3,4,3,3,3,4,2,4,4,3,3,6,2,5,5,2,6,4,1,2,2,6,6,5,6,5,2,5,2,2,6,100,27,16,21,19,17,19,67,20,25,22
33,0,1,13,6,0,,,,5,3,missing (imputed in analyses),2,2,2,1,3,1,4,1,4,1,3,4,,2,2,3,3,4,3,2,4,4,4,2,4,2,2,1,3,1,4,2,5,2,1,2,3,6,7,5,3,7,7,6,6,4,4,3,4,6,5,7,,16,,17,20,9,14,85,26,30,29
34,1,0,13,6,0,1,1,1,2,2,2024 entry,3,3,3,4,4,3,4,1,4,3,2,2,2,2,2,3,3,3,1,3,4,4,3,3,2,3,4,4,3,3,1,1,2,2,2,4,4,4,4,4,4,4,4,4,4,4,4,4,4,4,4,4,88,25,13,14,19,17,8,68,24,20,24
35,1,0,13,6,0,1,1,1,4,2,2024 entry,4,1,3,1,2,3,4,1,3,3,4,3,4,4,4,4,1,4,2,4,4,4,2,1,3,1,1,1,4,2,4,2,2,1,1,4,7,7,7,7,7,7,7,7,7,7,7,7,7,7,7,7,82,19,17,19,18,9,10,116,39,35,42
36,1,0,12,6,1,1,1,1,4,4,2024 entry,3,4,4,4,4,3,3,4,1,1,1,1,1,4,4,3,4,3,4,2,1,2,2,1,1,3,4,3,4,4,1,1,1,1,1,1,2,2,1,1,2,1,1,2,1,2,1,1,1,4,4,4,83,29,5,22,9,18,5,31,9,7,15
37,1,1,13,6,0,1,1,0,4,4,2024 entry,4,4,4,4,4,4,4,4,4,4,4,4,4,4,4,4,4,4,4,1,1,1,4,4,1,4,4,4,1,1,4,4,4,4,4,5,7,7,6,7,7,7,7,7,7,7,7,7,7,7,7,7,102,32,20,24,12,14,20,116,39,35,42
38,0,0,12,6,0,,,,3,2,missing (imputed in analyses),4,4,4,4,4,2,4,4,3,4,4,4,,4,4,4,4,4,4,4,3,3,3,4,2,2,4,1,3,3,4,5,7,4,4,4,4,6,3,3,3,4,2,5,4,6,4,3,4,4,4,4,,30,,24,19,13,24,67,23,21,23
39,1,0,13,6,0,,1,1,1,2,2024 entry,4,4,4,4,4,4,4,3,4,4,4,4,4,4,2,4,4,4,3,4,4,4,4,4,4,2,4,2,3,4,5,7,4,2,1,1,5,7,7,7,7,6,6,6,6,6,6,6,7,7,7,6,111,31,20,21,24,15,19,103,34,30,39
40,0,1,12,6,0,,,,3,1,missing (imputed in analyses),1,1,1,3,4,4,4,4,4,1,1,1,,4,1,4,4,4,1,4,4,4,1,1,1,4,4,1,4,4,6,5,5,5,4,4,5,5,5,5,5,5,7,7,4,7,4,7,4,4,4,5,,22,,18,15,17,25,87,29,30,28
41,1,1,13,6,0,1,1,0,4,2,2024 entry,3,4,3,4,3,4,3,3,3,4,3,3,3,4,4,4,4,3,2,3,3,3,3,4,4,3,4,3,2,3,4,3,6,3,3,6,2,4,3,4,4,4,4,5,5,4,4,4,4,5,4,5,99,27,16,21,20,15,19,71,23,22,26
42,1,1,13,6,0,1,1,0,5,2,2024 entry,4,3,3,4,2,3,4,2,2,2,4,3,2,2,2,3,2,3,1,1,2,3,2,1,3,3,4,3,3,4,3,5,3,4,3,5,4,4,6,4,4,4,6,5,7,7,5,4,4,4,4,4,80,25,13,13,12,17,18,81,27,29,25
43,0,1,12,6,0,,,,5,4,missing (imputed in analyses),4,4,1,4,4,4,4,4,4,4,4,4,,4,4,4,4,4,4,4,4,4,4,4,4,4,4,3,3,4,4,5,7,4,1,6,6,6,1,1,5,5,5,7,5,5,6,6,7,6,6,6,,29,,24,24,18,21,89,25,27,37
44,1,1,12,5,0,1,0,1,4,1,2024 entry,4,1,3,2,1,1,4,2,2,1,4,2,1,2,1,3,2,1,1,1,1,2,4,1,2,2,1,4,1,1,6,5,5,5,7,2,2,3,2,2,6,7,4,4,2,3,4,4,3,5,3,6,58,18,10,10,11,9,28,62,17,20,25
45,1,1,12,5,0,1,1,0,2,1,2024 entry,3,1,3,2,4,3,3,2,4,4,4,3,4,4,4,4,3,4,4,3,4,1,3,4,1,1,4,2,3,3,1,7,7,6,4,5,4,4,6,3,5,4,5,3,2,4,6,7,4,5,3,4,92,21,19,23,16,13,25,74,27,18,29
46,1,0,12,5,1,1,1,1,1,1,2024 entry,4,2,4,2,3,3,2,2,3,2,2,3,2,3,2,3,3,2,3,4,4,2,4,4,3,2,4,2,2,3,4,3,5,3,2,5,5,6,4,4,4,5,5,6,6,6,4,4,5,5,4,5,84,22,12,16,21,13,17,83,28,28,27
47,1,0,13,5,0,1,1,0,2,1,2024 entry,3,4,2,4,3,3,4,3,2,4,2,2,2,4,4,4,4,4,3,4,4,3,4,3,3,1,4,3,4,3,5,3,6,3,4,5,6,5,3,4,6,5,4,5,4,4,5,6,5,4,4,4,97,26,12,23,21,15,21,79,29,22,28
48,1,0,13,5,0,1,1,0,1,1,2024 entry,3,3,3,,2,4,4,1,1,3,3,3,3,4,4,4,4,4,4,4,2,3,3,3,3,1,4,4,3,2,3,2,5,6,1,1,1,6,3,1,6,1,1,1,1,1,1,1,1,7,1,1,,,13,24,18,14,17,35,18,5,12
49,1,0,12,5,0,1,1,1,1,1,2024 entry,4,4,4,2,4,2,4,2,3,3,3,3,2,4,4,4,4,4,4,1,1,1,4,4,1,4,4,1,3,1,6,6,6,2,1,5,5,6,5,6,6,6,5,5,6,6,6,6,7,7,6,6,89,26,14,24,12,13,21,99,33,28,38
50,0,0,12,5,0,,,,3,3,missing (imputed in analyses),4,4,4,2,4,4,2,1,4,1,4,1,,4,4,4,4,4,4,1,1,1,1,1,1,4,4,4,4,4,7,1,7,4,4,1,1,2,1,3,4,4,3,5,4,1,5,3,4,4,5,1,,25,,24,6,20,23,51,12,17,22
51,1,0,12,5,0,1,1,1,2,2,2024 entry,1,4,3,4,3,1,4,1,3,4,4,4,4,4,4,4,,4,4,4,3,3,1,3,4,3,4,3,4,1,1,7,4,3,1,3,6,3,6,6,6,6,6,5,5,5,5,6,6,5,5,7,,21,19,,18,15,16,91,30,27,34
52,1,0,12,5,0,1,1,1,2,1,2024 entry,3,3,1,1,1,3,3,3,3,3,3,3,1,1,4,4,4,3,1,2,3,3,3,1,1,3,1,2,3,3,3,4,6,6,1,5,1,1,1,1,1,5,6,1,1,4,7,4,6,1,1,5,73,18,13,17,13,12,20,51,10,17,24
53,0,0,12,5,0,,,,1,1,missing (imputed in analyses),3,4,4,3,4,2,4,2,3,4,3,2,,4,4,4,4,4,4,3,3,4,3,3,2,2,3,2,3,2,5,6,7,6,4,2,4,5,5,4,3,4,4,3,4,4,5,3,4,2,1,1,,26,,24,18,12,28,58,23,19,16
54,1,1,12,5,0,1,1,1,4,2,2024 entry,3,4,4,4,4,4,4,4,3,4,3,2,1,2,4,4,4,4,4,2,4,3,1,2,1,4,4,4,3,4,4,4,5,3,4,1,4,5,5,4,4,3,4,1,4,4,1,5,3,4,2,1,98,31,13,22,13,19,20,55,23,16,16
55,0,1,11,5,0,,,,3,2,missing (imputed in analyses),4,3,4,4,4,4,4,4,4,4,4,2,,4,4,4,4,4,3,4,4,3,4,4,4,4,4,4,4,4,2,4,7,5,1,6,6,6,5,4,4,6,7,7,7,7,6,6,6,5,6,6,,31,,23,23,20,19,100,31,34,35
56,1,1,11,5,0,1,1,0,3,1,2024 entry,3,2,3,3,4,3,2,2,2,3,2,1,2,2,3,3,3,3,4,4,3,2,3,2,1,3,2,2,2,3,3,3,3,3,3,6,6,6,5,4,6,7,7,6,5,6,6,5,6,5,5,6,77,22,10,18,15,12,15,97,33,31,33
57,0,1,12,5,1,,,,1,1,missing (imputed in analyses),1,2,4,4,4,4,4,2,4,4,4,1,,4,4,1,4,4,4,4,4,1,2,3,4,3,4,2,2,3,4,6,5,6,7,4,6,6,6,5,7,5,7,7,5,6,5,5,6,7,7,7,,25,,21,18,14,28,101,34,30,37
58,1,1,11,5,0,1,1,1,3,2,2024 entry,3,4,3,4,2,2,3,3,1,3,2,3,3,4,2,3,3,1,1,3,3,3,2,3,3,2,4,2,3,3,2,4,6,5,4,5,5,4,3,6,5,5,5,5,5,4,5,4,5,5,5,5,81,24,12,14,17,14,21,81,28,24,29
59,1,0,12,5,0,1,1,1,4,3,2024 entry,1,1,1,2,2,1,1,2,1,1,4,4,1,4,1,1,1,4,4,4,1,1,4,4,1,1,4,4,4,1,2,1,6,2,1,1,1,4,1,1,4,1,4,4,1,1,1,1,1,1,4,4,66,11,11,15,15,14,12,35,12,11,12
60,1,0,12,5,0,1,1,0,3,1,2024 entry,3,3,3,4,3,4,3,2,2,4,2,2,3,4,2,3,3,3,2,4,2,2,2,2,2,3,2,3,3,3,5,3,3,4,2,2,6,5,2,6,5,6,6,5,3,3,4,5,6,4,5,6,83,25,13,17,14,14,17,79,26,23,30
61,1,0,12,5,0,1,1,0,3,1,2024 entry,4,1,2,4,4,1,1,1,1,3,4,4,4,4,4,4,1,1,4,4,4,4,1,4,4,1,1,1,1,1,2,4,3,5,1,1,1,1,1,1,1,1,1,1,1,1,1,1,1,1,1,1,78,18,16,18,21,5,15,17,6,5,6
62,1,1,11,5,0,0,0,0,2,1,2024 entry,4,4,3,4,3,3,4,4,3,4,4,2,3,3,3,3,2,4,3,3,3,3,3,4,4,4,4,3,4,2,2,3,4,3,2,5,5,5,5,5,5,5,5,5,5,5,5,6,6,5,5,5,100,29,16,18,20,17,14,87,30,25,32
63,0,1,12,5,0,,,,3,3,missing (imputed in analyses),4,4,4,4,4,4,4,4,4,4,4,4,,4,4,4,4,4,4,4,4,4,4,3,3,2,4,4,4,4,7,6,7,7,1,5,6,6,5,5,5,7,7,6,6,7,7,7,7,6,6,6,,32,,24,22,18,28,104,32,33,39
64,1,0,11,5,0,1,1,1,4,3,2024 entry,4,4,4,4,4,4,4,4,1,4,4,4,3,2,4,4,4,4,4,3,3,4,2,4,4,4,1,2,4,4,5,7,7,7,1,7,6,7,5,5,6,7,7,7,1,2,5,2,7,7,7,7,105,32,16,22,20,15,27,95,36,24,35
65,1,1,12,5,0,1,1,1,2,2,2024 entry,4,4,4,1,4,2,4,4,4,4,4,3,4,4,4,2,4,4,4,4,4,4,4,4,4,4,4,4,4,4,6,5,7,7,7,7,7,7,4,7,7,7,7,7,7,7,1,7,7,7,7,7,112,27,19,22,24,20,32,110,39,35,36
66,1,1,12,5,1,1,0,1,3,1,2024 entry,4,4,4,4,4,4,4,4,3,4,3,4,4,4,4,4,4,4,4,4,2,3,3,3,3,3,4,4,4,4,1,5,6,6,5,6,6,6,4,3,4,3,4,4,4,4,4,4,7,4,4,4,111,32,18,24,18,19,23,75,29,19,27
67,1,0,13,5,0,1,1,1,2,1,2024 entry,4,1,3,4,4,2,4,2,2,3,1,1,4,4,1,3,4,4,4,4,3,4,4,4,4,2,4,4,4,4,5,7,7,7,1,7,7,7,7,7,6,7,7,7,7,7,7,7,7,5,7,7,96,24,11,20,23,18,27,116,41,35,40
68,1,1,12,5,0,1,1,1,5,2,2024 entry,4,4,4,4,4,4,4,4,3,4,4,3,3,4,3,4,4,4,4,4,4,4,3,4,3,2,4,2,3,3,6,5,5,5,1,4,6,6,5,5,5,6,6,6,4,6,4,5,4,4,5,6,108,32,17,23,22,14,22,87,31,28,28
69,0,1,13,5,1,,,,4,3,missing (imputed in analyses),4,1,4,2,3,4,2,2,2,4,1,1,,1,1,2,3,2,3,3,2,1,2,3,2,2,3,3,3,2,5,7,3,1,2,2,3,7,5,3,7,7,7,1,1,5,4,3,2,5,5,1,,22,,12,13,13,18,68,27,21,20
70,1,1,13,5,0,1,1,1,1,1,2024 entry,3,3,4,4,2,2,2,4,3,3,2,3,2,2,4,3,3,3,3,4,4,4,3,3,2,1,3,2,4,3,5,5,4,2,1,5,6,7,7,7,7,7,7,7,6,7,7,5,7,7,7,7,88,24,13,18,20,13,17,113,39,34,40
71,1,1,12,5,0,1,1,1,5,1,2024 entry,1,3,4,3,1,4,4,1,2,1,1,1,4,4,4,4,4,4,4,4,4,4,1,4,1,4,4,4,4,4,2,3,7,1,1,4,4,4,4,4,4,4,4,4,4,4,7,7,1,1,1,4,92,21,9,24,18,20,14,65,24,20,21
72,0,1,12,5,1,,,,4,4,missing (imputed in analyses),3,2,2,3,4,4,3,3,3,3,3,4,,4,4,4,3,4,4,3,3,3,2,2,2,2,3,2,3,4,3,3,3,3,3,5,4,5,4,5,4,4,5,5,4,4,6,5,6,6,5,5,,24,,23,15,14,15,82,27,22,33
73,1,1,12,5,0,1,1,1,3,1,2024 entry,3,2,4,4,4,3,4,4,4,4,4,3,4,4,3,4,3,4,2,3,4,4,2,2,3,2,4,1,4,4,4,3,4,4,4,5,4,5,1,5,4,6,5,4,3,3,4,2,7,5,4,7,100,28,19,20,18,15,19,74,24,21,29
74,1,1,12,5,0,0,0,1,3,2,2024 entry,4,4,4,4,3,4,3,3,3,3,3,3,3,4,4,3,4,4,3,3,2,3,3,3,3,3,4,2,3,3,5,4,5,3,3,5,2,6,1,5,5,6,5,5,2,4,5,4,1,2,2,5,98,29,15,22,17,15,20,65,24,22,19
75,0,1,12,5,0,,,,4,3,missing (imputed in analyses),3,2,3,1,2,4,4,3,1,3,3,1,,4,3,4,3,4,2,2,3,3,2,2,2,4,3,4,3,4,1,2,1,4,1,1,3,4,5,1,2,5,5,1,4,1,5,1,1,1,1,1,,22,,20,14,18,9,42,16,16,10
76,1,1,13,5,0,1,1,0,3,3,2024 entry,4,4,4,4,4,4,4,4,4,4,4,4,4,4,3,4,4,3,4,4,4,3,3,3,2,3,3,3,4,4,4,7,7,7,3,1,1,1,1,2,1,1,1,1,2,1,2,3,2,3,1,3,110,32,20,22,19,17,28,27,7,6,14
77,1,0,12,5,0,1,1,0,3,2,2024 entry,3,3,3,4,3,4,4,4,2,3,1,1,3,4,4,4,2,4,4,4,4,4,4,1,4,4,4,4,4,4,6,6,6,5,2,2,3,6,5,1,1,7,5,5,2,7,1,6,6,4,5,5,101,28,10,22,21,20,25,71,18,26,27
78,0,0,12,5,0,,,,3,1,missing (imputed in analyses),2,1,2,2,1,1,4,4,1,4,4,4,,3,2,2,4,1,2,2,2,4,2,1,1,2,1,1,4,1,1,7,4,1,1,4,1,1,1,1,1,1,1,1,1,1,1,1,1,1,1,1,,17,,14,12,9,14,20,9,5,6
79,1,0,12,5,0,1,1,1,2,1,2024 entry,4,4,4,4,4,4,2,4,1,2,1,2,1,4,3,1,2,3,4,3,2,3,1,2,1,3,3,4,4,3,5,6,2,1,4,2,3,2,3,1,2,2,5,2,3,2,3,1,3,2,2,2,83,30,7,17,12,17,18,40,13,14,13
80,1,1,12,5,0,1,1,1,2,1,2024 entry,4,3,3,3,2,2,2,2,2,3,1,1,3,4,2,3,3,2,2,3,3,2,4,1,4,2,2,3,4,2,5,3,6,2,1,2,1,3,4,5,6,1,1,6,4,5,5,4,3,2,4,5,77,21,10,16,17,13,17,61,21,17,23
81,1,0,12,5,1,1,1,1,3,2,2024 entry,4,4,4,2,4,4,4,4,4,4,4,4,4,4,1,4,4,4,4,4,4,4,4,4,4,4,4,4,1,4,5,7,7,7,1,7,7,7,4,4,4,7,7,7,7,7,7,4,7,1,6,7,112,30,20,21,24,17,27,100,33,35,32
82,1,1,12,5,0,1,1,0,2,1,2024 entry,4,4,4,4,4,3,4,2,2,1,1,2,1,4,4,4,4,4,4,3,4,4,4,4,3,4,4,2,4,4,5,6,6,4,1,5,4,3,4,2,4,4,5,5,5,6,4,7,4,4,4,5,100,29,7,24,22,18,22,75,22,25,28
83,1,1,12,5,0,1,1,0,4,1,2024 entry,4,3,4,4,4,4,4,4,3,4,4,4,4,4,4,4,4,4,4,4,4,3,3,4,4,3,4,2,3,3,6,3,6,7,7,4,6,6,2,5,5,7,7,6,7,5,6,5,5,2,2,5,111,31,19,24,22,15,29,85,28,32,25
84,1,0,12,5,0,1,1,1,2,2,2024 entry,3,3,3,4,4,2,1,3,1,2,2,1,1,1,1,3,1,1,1,4,3,1,2,2,4,1,1,1,1,1,3,4,2,2,2,4,5,5,5,4,4,4,4,4,5,5,4,5,6,5,6,5,59,23,7,8,16,5,13,80,27,22,31
85,0,0,13,6,0,,,,2,1,missing (imputed in analyses),4,3,4,4,4,4,1,4,3,4,4,4,,3,4,4,4,2,4,4,4,4,4,4,4,1,4,1,3,4,4,7,5,6,1,7,7,7,7,7,4,6,7,6,4,4,6,5,1,5,5,3,,28,,21,24,13,23,91,39,27,25
86,1,1,13,6,1,1,0,1,2,2,2024 entry,4,2,2,2,3,4,3,3,4,1,1,4,3,4,2,4,4,4,4,2,3,4,4,2,2,3,4,2,4,4,4,5,6,4,4,3,5,6,2,2,2,6,5,6,6,6,6,6,6,6,6,6,92,23,13,22,17,17,23,85,20,29,36
87,1,1,13,6,1,1,0,1,4,1,2024 entry,3,2,3,2,2,2,4,2,4,3,3,2,3,3,4,4,4,4,4,3,3,3,4,3,3,4,4,4,4,4,6,5,7,3,5,5,6,7,5,6,6,7,7,7,6,7,7,6,5,4,4,5,97,20,15,23,19,20,26,100,35,34,31
88,0,0,13,6,0,,,,4,4,missing (imputed in analyses),4,2,4,4,4,4,4,3,4,4,4,3,,4,4,4,4,4,4,4,4,3,4,4,3,4,4,4,1,4,4,4,5,3,2,2,6,6,5,6,6,5,5,6,5,5,1,1,5,4,4,5,,29,,24,22,17,18,77,31,26,20
89,1,1,13,6,0,1,1,1,2,2,2024 entry,4,4,4,4,4,4,4,4,1,3,4,3,2,4,3,4,4,4,4,2,3,3,4,2,3,3,4,3,3,4,6,6,6,6,5,3,4,4,3,4,4,4,5,4,5,4,3,5,6,3,3,4,102,32,13,23,17,17,29,68,22,22,24
90,1,1,13,6,0,1,1,1,5,4,2024 entry,4,4,4,4,4,4,4,4,3,3,3,4,3,4,2,4,4,4,4,3,3,3,3,3,2,2,2,3,3,4,4,4,4,3,4,2,5,5,6,6,4,4,5,5,4,4,4,4,4,4,1,3,101,32,16,22,17,14,19,70,28,22,20
91,0,1,13,6,0,,,,5,4,missing (imputed in analyses),2,3,1,4,3,2,3,1,1,3,1,2,,1,3,2,1,4,2,2,2,4,1,2,2,2,2,3,2,3,5,6,7,3,6,1,2,4,3,6,7,4,6,6,3,2,7,4,6,6,5,7,,19,,13,13,12,27,79,23,21,35
92,1,0,13,6,0,1,1,1,3,3,2024 entry,4,2,4,4,4,4,4,3,4,4,4,3,4,4,4,4,4,4,4,4,4,3,4,4,3,4,4,4,3,4,4,4,5,3,1,5,6,7,5,6,6,7,7,7,6,7,5,5,6,5,6,7,113,29,19,24,22,19,17,103,35,34,34
93,0,1,13,6,0,,,,4,3,missing (imputed in analyses),4,4,4,4,4,4,4,4,1,4,4,4,,4,4,4,4,4,4,4,4,4,4,4,4,3,4,2,4,4,6,6,5,4,4,5,5,4,5,4,5,5,4,5,4,5,5,5,4,3,3,4,,32,,24,24,17,25,75,28,23,24
94,1,1,12,6,0,0,0,1,2,1,2024 entry,3,4,4,4,4,4,3,4,4,4,4,4,4,4,3,4,4,4,4,4,4,3,4,3,4,2,4,2,4,4,5,6,6,6,6,5,6,6,5,6,6,6,6,5,5,6,5,5,5,5,2,5,111,30,20,23,22,16,29,89,34,28,27
95,1,1,13,6,0,0,0,1,3,1,2024 entry,3,2,3,2,3,3,3,2,2,2,3,2,1,4,3,1,3,3,2,2,1,1,4,2,4,2,4,4,1,2,4,6,1,1,1,1,3,4,4,4,3,4,5,5,5,4,5,5,4,5,2,5,74,21,10,16,14,13,13,68,19,23,26
96,0,0,13,6,0,,,,1,1,missing (imputed in analyses),4,1,4,4,4,4,4,4,1,4,4,4,,4,1,4,4,4,4,4,4,4,4,1,4,4,4,4,4,1,7,4,7,7,1,6,6,6,6,7,6,6,5,6,5,7,5,7,6,6,7,6,,29,,21,21,17,26,103,37,29,37
97,1,0,12,6,1,1,1,1,4,4,2024 entry,1,1,1,1,1,1,1,1,2,4,1,4,1,3,1,2,1,4,1,3,2,1,1,1,1,1,1,4,1,1,1,3,1,1,1,1,1,1,1,1,1,1,1,1,1,1,1,1,1,1,1,1,49,8,12,12,9,8,7,17,6,5,6
98,1,0,12,6,0,1,1,1,1,1,2024 entry,3,3,3,4,4,3,2,2,3,3,2,2,3,4,3,2,3,3,3,3,3,3,3,2,3,3,3,3,4,3,4,4,4,4,4,5,5,3,5,3,5,3,5,6,3,1,1,1,1,1,1,1,88,24,13,18,17,16,20,50,26,18,6
99,0,0,12,6,0,,,,3,3,missing (imputed in analyses),1,1,1,1,1,2,1,1,4,3,4,4,,4,4,4,1,1,4,1,4,4,4,4,4,2,1,1,1,1,1,1,7,1,1,1,1,1,1,1,1,1,1,1,1,1,1,1,1,1,1,1,,9,,18,21,6,11,17,6,5,6
100,1,0,12,6,0,0,0,1,2,1,2024 entry,2,4,4,1,4,1,4,4,4,4,1,1,1,4,4,2,4,3,3,4,3,1,1,2,3,2,4,4,4,1,4,5,7,5,1,7,7,7,5,7,7,5,6,7,7,7,5,7,5,6,5,7,84,24,11,20,14,15,22,107,40,32,35
101,1,1,13,6,1,1,0,1,3,3,2024 entry,4,4,4,4,4,4,4,2,2,2,2,2,3,4,4,4,4,4,4,2,3,3,3,1,2,3,4,1,4,4,4,5,7,5,5,1,1,1,1,1,1,1,5,5,5,1,1,1,5,1,1,1,95,30,11,24,14,16,26,33,6,17,10
102,0,0,12,6,0,,,,2,2,missing (imputed in analyses),2,2,3,2,3,3,2,3,2,2,1,2,,3,3,4,2,3,1,3,3,3,3,2,2,1,2,2,2,2,3,2,4,2,2,1,2,5,2,3,5,5,2,2,5,2,3,5,3,1,2,2,,20,,16,16,9,13,50,18,16,16
103,1,0,12,6,1,1,0,1,2,2,2024 entry,3,2,4,1,3,4,4,4,2,2,1,1,4,2,2,4,4,4,4,4,4,4,4,3,4,1,4,1,3,3,4,3,5,5,1,3,5,5,2,3,5,4,5,7,7,1,7,4,3,3,4,6,90,25,10,20,23,12,18,74,23,24,27
104,1,0,12,6,0,1,1,1,2,2,2024 entry,4,4,4,4,4,4,4,4,4,4,4,4,4,4,4,4,4,4,4,4,4,4,4,4,4,1,4,4,2,4,6,6,7,7,4,4,4,4,4,4,4,4,4,4,4,4,4,4,4,4,4,4,115,32,20,24,24,15,30,68,24,20,24
105,0,0,13,6,0,,,,3,1,missing (imputed in analyses),3,4,3,2,4,1,2,3,3,3,4,1,,4,4,4,3,4,4,1,4,2,4,1,2,4,4,3,3,4,2,3,2,1,2,1,5,1,2,3,1,2,5,4,5,2,5,4,7,1,2,3,,22,,23,14,18,10,53,13,18,22
106,0,1,12,6,0,,,,2,2,missing (imputed in analyses),3,4,4,1,4,2,4,1,4,4,4,4,,4,4,1,4,3,4,4,4,4,4,4,3,2,4,4,3,4,6,7,7,7,4,5,6,6,5,7,7,5,5,5,6,5,7,6,6,5,5,5,,23,,20,23,17,31,96,36,26,34
107,1,1,13,6,0,0,0,1,4,1,2024 entry,4,4,4,4,4,4,4,4,4,4,3,4,4,4,4,4,4,4,4,4,4,4,4,4,3,1,4,2,2,2,6,6,6,6,2,6,6,6,2,5,6,6,6,5,7,6,5,5,6,2,5,7,109,32,19,24,23,11,26,91,31,30,30
108,1,1,13,6,1,1,1,1,3,1,2024 entry,4,2,3,4,1,4,4,4,3,4,3,1,1,4,4,4,4,4,4,1,4,4,4,4,4,1,4,1,2,1,5,2,1,5,3,1,6,5,2,2,7,7,2,2,2,2,2,2,5,6,7,2,92,26,12,24,21,9,16,62,23,15,24
109,1,1,13,6,0,1,1,1,5,4,2024 entry,4,4,4,4,4,4,2,4,4,4,4,3,4,4,4,4,4,4,4,4,3,4,4,4,3,3,4,3,4,3,5,3,7,5,2,6,6,6,5,5,5,5,5,5,3,7,3,7,5,4,6,6,112,30,19,24,22,17,22,89,33,25,31
110,1,1,13,6,0,1,1,1,5,3,2024 entry,4,4,4,4,4,4,4,4,3,3,3,3,3,4,4,4,4,4,3,4,3,3,3,4,3,3,2,3,4,4,3,3,6,2,4,5,5,6,2,5,5,5,6,6,7,5,2,2,5,5,4,6,106,32,15,23,20,16,18,81,28,29,24
111,1,0,13,6,0,0,0,1,3,3,2024 entry,2,2,2,4,4,3,4,4,3,3,3,4,4,4,4,4,3,4,2,3,2,3,4,4,3,4,1,3,3,2,5,4,5,4,3,5,4,6,5,6,4,5,4,4,6,5,6,6,6,4,6,5,95,25,17,21,19,13,21,87,30,24,33
112,0,1,13,6,1,,,,3,1,missing (imputed in analyses),3,3,4,2,3,3,2,4,3,2,4,3,,4,4,4,4,3,4,4,3,4,3,3,3,3,4,3,3,4,3,5,6,3,4,3,5,5,5,4,4,4,5,5,5,6,5,5,5,4,4,5,,24,,23,20,17,21,79,26,25,28
113,1,0,12,6,1,1,0,1,5,4,2024 entry,4,3,3,4,4,4,4,4,1,2,1,2,1,3,3,4,3,4,3,2,1,2,1,2,2,4,3,4,4,3,7,7,7,6,6,1,1,6,5,7,1,4,1,7,5,4,6,7,5,1,1,7,85,30,7,20,10,18,33,69,21,21,27
114,0,0,13,6,0,,,,4,4,missing (imputed in analyses),4,4,4,4,4,1,4,4,4,4,4,4,,4,4,1,4,4,4,4,4,4,4,4,4,1,4,4,4,4,4,5,7,1,7,7,7,7,5,6,7,7,7,7,4,7,1,7,1,1,1,7,,29,,21,24,17,24,89,39,32,18
115,0,0,12,6,0,,,,4,4,missing (imputed in analyses),3,4,3,3,3,2,3,2,3,3,3,3,,4,3,4,4,4,2,3,3,3,3,2,3,3,3,2,2,2,6,5,5,6,7,4,4,5,6,5,5,5,5,6,4,4,4,4,4,5,5,5,,23,,21,17,12,29,80,29,24,27
116,1,1,13,6,0,1,1,1,3,1,2024 entry,2,2,2,1,2,1,1,2,3,2,3,3,3,2,2,2,2,2,1,4,3,3,3,2,2,1,1,1,1,1,2,3,4,1,2,2,2,2,4,4,4,4,6,5,5,6,5,6,5,4,5,5,60,13,14,11,17,5,12,74,18,26,30
117,1,1,13,6,0,1,0,1,4,1,2024 entry,2,4,4,3,3,1,3,3,1,2,2,1,4,4,4,1,1,4,4,4,4,4,4,4,4,3,4,4,4,4,4,2,6,1,5,1,1,1,1,4,1,1,1,7,1,1,2,3,5,1,1,1,94,23,10,18,24,19,18,33,9,11,13
118,1,1,13,6,0,1,1,1,3,3,2024 entry,2,2,2,2,2,2,2,3,2,2,3,2,3,2,2,2,4,4,3,2,3,3,3,3,2,4,2,3,2,2,2,4,7,4,4,1,1,7,4,5,7,7,7,7,4,5,4,5,4,4,2,6,75,17,12,17,16,13,21,80,25,30,25
119,1,1,13,6,0,1,1,1,2,2,2024 entry,4,4,4,4,4,4,4,2,3,3,3,3,1,4,4,4,4,4,2,3,3,3,1,3,1,3,3,3,3,3,6,3,6,6,2,5,5,6,6,4,5,6,6,6,6,6,5,5,5,4,4,5,94,30,13,22,14,15,23,89,31,30,28
120,1,1,13,6,0,1,1,1,3,3,2024 entry,2,3,2,3,3,3,2,3,3,3,3,3,3,3,3,2,3,2,3,3,2,2,3,2,3,2,3,2,3,3,6,5,4,4,4,5,4,7,7,5,6,6,7,4,4,4,7,7,7,7,7,7,80,21,15,16,15,13,23,101,34,25,42
121,1,1,13,6,0,1,1,1,4,2,2024 entry,4,3,4,4,3,4,4,3,4,3,4,3,4,4,4,4,4,4,4,4,3,3,3,3,3,4,4,4,4,4,6,5,7,7,7,6,7,6,2,5,7,6,6,7,5,6,5,6,5,5,3,5,110,29,18,24,19,20,32,92,33,30,29
122,1,1,13,6,0,0,0,1,2,2,2024 entry,3,3,4,2,4,2,4,4,4,4,3,2,4,4,4,2,4,3,4,4,3,4,4,4,2,2,3,3,4,3,5,4,3,2,4,6,6,6,4,5,4,5,6,6,3,6,5,5,5,4,3,6,100,26,17,21,21,15,18,85,31,26,28
123,1,1,13,6,0,1,1,1,3,2,2024 entry,4,3,4,1,4,2,3,3,1,3,1,2,2,4,4,4,3,4,4,2,4,3,3,1,2,2,3,2,3,3,4,6,7,6,1,2,5,5,5,5,3,6,5,2,2,1,1,7,6,5,1,1,84,24,9,23,15,13,24,62,25,16,21
124,0,0,13,6,0,,,,1,1,missing (imputed in analyses),4,2,4,3,3,4,1,1,3,1,1,1,,4,2,4,1,4,4,3,4,3,2,4,1,1,1,3,1,2,1,2,3,1,1,1,2,1,1,1,1,1,1,1,3,1,1,1,1,1,1,1,,22,,19,17,8,8,20,7,7,6
125,0,0,13,6,0,,,,5,4,missing (imputed in analyses),3,4,3,4,3,4,3,3,2,3,2,2,,4,3,4,4,4,3,4,3,3,2,2,3,4,4,4,4,3,4,5,6,6,4,5,4,5,3,3,3,7,6,5,6,6,2,7,6,5,5,4,,27,,22,17,19,25,82,23,30,29
126,1,1,13,6,0,1,1,1,4,1,2024 entry,4,4,4,3,4,4,3,3,2,2,4,1,3,4,3,4,4,4,4,3,2,2,1,2,1,4,3,1,3,4,1,3,5,4,1,1,4,5,1,1,1,5,1,1,5,4,4,5,4,1,2,1,90,29,12,23,11,15,14,46,13,16,17
127,0,0,13,6,0,,,,3,2,missing (imputed in analyses),3,3,3,4,3,4,4,3,2,2,4,3,,4,3,3,4,4,4,4,4,2,3,3,3,3,3,1,3,1,3,5,6,4,1,3,5,5,5,5,5,3,3,3,5,3,1,6,3,1,1,1,,27,,22,19,11,19,58,28,17,13
128,0,1,13,6,0,,,,5,4,missing (imputed in analyses),3,4,4,2,2,2,4,4,4,3,3,4,,4,1,4,4,2,2,4,4,3,4,4,3,4,4,3,2,2,6,5,7,7,3,1,1,2,2,2,1,1,1,1,1,1,1,1,1,1,1,1,,25,,17,22,15,28,20,9,5,6
129,0,0,13,6,0,,,,4,4,missing (imputed in analyses),4,3,3,4,4,3,4,3,2,2,3,3,,4,3,4,4,4,3,3,4,2,3,2,3,2,1,2,4,3,3,5,3,2,1,6,6,6,5,4,4,6,6,4,5,6,5,4,5,4,5,5,,28,,22,17,12,14,86,31,27,28
130,0,1,13,6,0,,,,2,2,missing (imputed in analyses),4,4,4,4,4,4,4,4,4,2,2,3,,4,4,4,4,4,4,3,2,3,3,1,2,3,2,2,4,4,4,5,7,5,1,1,4,4,1,1,1,4,4,5,5,1,1,6,1,1,2,1,,32,,24,14,15,22,43,12,19,12
131,1,0,13,6,1,1,0,1,3,3,2024 entry,4,4,4,4,4,4,4,4,4,4,4,4,2,4,4,4,4,4,4,4,3,3,3,3,3,3,4,2,4,4,3,4,6,1,1,1,5,5,1,4,1,1,1,1,1,4,1,1,2,3,1,1,110,32,18,24,19,17,15,34,17,8,9
132,1,1,13,6,0,0,0,1,3,1,2024 entry,4,4,4,4,4,4,4,3,3,4,4,4,4,4,4,4,4,4,4,4,4,4,4,2,2,4,4,4,2,3,3,4,5,1,1,7,6,6,5,5,6,7,7,6,7,6,6,7,7,6,7,7,111,31,19,24,20,17,14,108,35,33,40
133,0,1,13,6,0,,,,2,2,missing (imputed in analyses),4,4,4,4,4,4,4,4,4,4,4,4,,4,4,2,4,4,3,4,3,4,3,4,4,2,4,3,3,4,6,7,4,1,1,2,3,4,4,4,4,5,6,5,6,7,5,1,4,4,3,3,,32,,21,22,16,19,70,21,29,20
134,0,1,13,6,0,,,,4,3,missing (imputed in analyses),4,4,2,4,4,4,4,4,3,3,4,1,,3,4,4,4,4,4,4,3,1,4,4,3,4,4,4,4,4,2,2,2,1,1,1,1,1,1,1,1,2,1,6,1,1,1,1,1,1,1,1,,30,,23,19,20,8,23,6,11,6
135,0,0,13,6,0,,,,3,3,missing (imputed in analyses),4,4,4,1,4,4,4,4,4,4,3,2,,4,4,4,4,4,4,3,2,3,3,4,3,4,4,1,4,4,5,4,7,7,3,5,5,5,5,5,5,5,5,5,5,5,5,5,5,5,5,5,,29,,24,18,17,26,85,30,25,30
136,1,0,12,6,0,1,1,1,3,3,2024 entry,4,4,3,2,3,3,3,2,3,2,1,1,3,3,2,3,2,2,3,3,2,2,3,3,3,3,2,3,2,2,3,4,1,1,1,1,6,5,4,4,5,4,3,4,3,4,3,5,3,4,4,4,77,24,10,15,16,12,10,66,25,18,23
137,1,1,13,6,0,1,1,1,3,1,2024 entry,4,4,4,1,2,1,4,3,4,1,4,1,1,1,3,3,3,3,4,4,4,4,4,4,1,4,4,2,4,2,4,6,6,5,7,5,5,5,5,1,4,4,4,4,6,6,6,7,7,7,7,4,88,23,11,17,21,16,28,87,25,24,38
138,1,1,14,6,0,1,1,1,4,2,2024 entry,4,3,2,2,4,3,3,3,2,4,4,4,3,4,2,4,4,4,2,3,3,3,3,3,2,1,1,2,3,4,3,5,7,7,4,2,1,1,1,1,1,1,1,1,5,1,1,4,4,4,1,1,89,24,17,20,17,11,26,31,7,9,15
139,1,0,13,6,0,0,0,1,3,1,2024 entry,4,4,4,4,4,4,4,4,1,4,4,4,3,4,4,4,4,4,4,4,2,1,3,3,4,4,4,4,4,4,7,7,7,7,7,3,2,7,5,5,5,6,7,6,6,5,5,7,7,1,1,5,109,32,16,24,17,20,35,83,27,30,26
140,1,1,13,6,0,1,1,1,4,4,2024 entry,4,3,4,4,4,4,4,2,4,4,3,2,3,4,2,4,4,4,4,3,3,3,4,3,2,3,3,2,3,2,5,6,7,7,1,4,5,5,1,4,5,4,6,5,5,5,5,6,4,4,5,6,98,29,16,22,18,13,26,79,24,25,30
141,1,1,13,6,0,1,1,0,2,2,2024 entry,4,3,4,3,3,4,4,2,4,2,2,1,3,3,4,4,4,4,3,2,3,2,3,1,2,2,4,4,4,3,5,4,4,4,5,5,4,6,1,2,2,4,4,5,4,4,3,7,6,5,4,3,91,27,12,22,13,17,22,69,20,21,28
142,0,0,13,6,0,,,,4,4,missing (imputed in analyses),1,3,2,4,1,4,4,4,4,4,4,2,,4,4,4,4,4,4,4,4,4,4,4,4,1,1,2,2,4,4,4,3,4,7,1,5,5,3,4,4,4,5,5,5,5,5,5,5,5,5,5,,23,,24,24,10,22,76,22,24,30
143,1,1,13,6,0,1,1,1,5,1,2024 entry,1,1,1,1,4,1,2,1,1,1,1,1,1,3,3,4,1,1,4,1,4,1,4,1,1,4,1,2,4,4,2,2,6,6,4,4,4,4,1,1,1,1,1,1,1,5,1,6,4,4,1,2,60,12,5,16,12,15,20,42,15,9,18
144,1,0,12,6,0,1,1,1,4,3,2024 entry,3,4,4,4,4,4,4,2,2,2,2,2,2,4,4,4,4,4,3,3,3,3,3,3,2,4,4,3,4,4,5,5,5,5,1,5,5,4,3,3,5,5,5,5,5,5,4,4,4,6,5,5,98,29,10,23,17,19,21,78,25,25,28
145,0,1,12,6,0,,,,4,4,missing (imputed in analyses),2,2,3,3,3,2,2,3,2,4,4,4,,4,1,2,3,3,2,3,4,3,3,3,2,2,4,3,2,3,5,5,5,4,1,3,2,3,1,1,1,2,4,3,4,1,5,5,1,1,1,3,,20,,15,18,14,20,41,11,14,16
146,1,0,12,6,0,1,1,1,3,3,2024 entry,4,3,4,3,4,4,4,1,4,3,4,4,4,1,1,1,2,2,3,4,4,4,4,3,3,1,2,2,3,3,7,5,5,3,1,1,1,1,1,1,1,1,1,1,1,1,1,1,1,1,1,1,89,27,19,10,22,11,21,17,6,5,6
147,1,1,13,6,1,1,1,1,1,1,2024 entry,3,3,3,3,3,3,3,3,2,1,2,2,2,3,3,4,3,4,4,2,2,2,2,3,3,3,4,3,3,3,3,4,5,5,2,5,5,4,5,6,5,5,5,5,5,5,5,4,4,5,5,5,84,24,9,21,14,16,19,83,30,25,28
148,1,0,12,6,0,1,1,1,4,3,2024 entry,2,3,4,4,4,3,2,2,1,4,4,1,4,4,4,4,4,4,4,3,4,4,4,3,3,1,4,4,3,3,2,5,4,5,1,1,5,6,1,4,5,7,6,1,7,5,5,1,1,1,1,1,98,24,14,24,21,15,17,58,22,26,10
149,1,0,13,6,0,1,1,1,2,1,2024 entry,2,1,3,1,1,1,1,3,4,1,1,1,1,4,1,3,2,2,3,1,2,2,3,1,3,4,4,2,2,2,4,5,3,1,1,1,1,1,1,1,1,1,7,1,1,7,1,1,1,1,1,1,62,13,8,15,12,14,14,29,6,17,6
150,0,0,12,6,0,,,,5,4,missing (imputed in analyses),4,4,4,3,4,4,4,2,4,3,4,1,,4,3,4,3,4,3,4,3,3,4,3,3,1,4,2,4,3,4,4,4,4,4,6,7,7,4,1,7,7,7,7,7,7,1,1,7,7,6,4,,29,,21,20,14,20,93,32,35,26
151,1,1,13,6,0,0,0,1,4,4,2024 entry,4,4,3,3,4,3,4,4,4,4,4,4,4,3,3,4,4,4,3,4,4,4,3,3,3,3,3,1,3,3,4,5,5,6,2,6,6,3,1,5,5,7,6,6,4,5,7,4,5,3,3,7,104,29,20,21,21,13,22,83,26,28,29
152,1,1,13,6,0,0,0,1,5,3,2024 entry,4,2,4,4,4,1,4,4,1,3,1,2,1,4,4,3,1,4,4,3,2,4,4,3,4,1,4,1,4,3,4,1,7,7,1,7,7,6,5,1,7,5,7,7,7,6,1,6,5,1,5,7,88,27,8,20,20,13,20,90,33,32,25
153,0,1,12,6,0,,,,3,1,missing (imputed in analyses),4,4,4,4,4,4,4,4,4,4,4,4,,4,4,4,4,4,4,3,2,2,4,4,4,2,4,2,2,3,5,7,7,6,4,6,6,6,4,3,5,5,6,6,5,7,4,7,5,4,5,4,,32,,24,19,13,29,88,30,29,29
154,1,0,12,6,0,1,1,1,3,1,2024 entry,1,1,4,4,2,2,4,3,2,4,4,1,3,4,2,1,2,4,4,4,4,4,4,2,2,3,4,1,4,4,5,5,6,7,5,5,4,1,2,4,4,5,1,7,2,5,4,4,3,4,2,5,88,21,14,17,20,16,28,62,20,20,22
155,1,0,13,6,1,1,0,1,2,2,2024 entry,3,4,3,1,4,3,4,1,1,3,1,1,3,4,4,4,3,4,4,3,3,1,1,1,1,4,2,3,3,4,2,3,2,1,1,1,1,1,1,1,1,1,1,1,1,1,1,1,1,1,1,1,81,23,9,23,10,16,9,17,6,5,6
156,1,1,12,6,0,1,1,1,4,3,2024 entry,3,3,2,4,3,2,3,3,3,2,2,2,1,3,,2,3,3,3,3,3,2,3,2,2,2,3,2,3,3,3,6,6,5,2,3,4,2,4,2,5,5,5,5,5,5,5,5,5,4,5,4,,23,10,,15,13,22,73,20,25,28
157,1,0,12,6,0,1,1,1,3,3,2024 entry,3,3,3,2,4,3,3,4,2,3,3,2,3,4,2,3,4,4,4,3,4,3,3,3,2,2,2,2,2,2,2,4,6,4,1,2,2,5,1,7,2,6,5,4,6,4,5,1,3,2,1,1,87,25,13,21,18,10,17,57,19,25,13
158,1,1,12,6,0,1,1,1,4,3,2024 entry,3,4,4,3,4,4,4,4,1,2,3,3,1,4,4,4,1,4,4,1,2,1,3,1,1,4,4,2,3,1,3,2,5,4,4,5,5,4,3,2,3,1,1,1,1,1,3,3,3,2,2,1,84,30,10,21,9,14,18,41,22,5,14
159,1,1,13,6,0,1,1,1,4,2,2024 entry,3,4,3,2,4,3,3,3,2,1,1,2,3,2,1,2,2,2,1,2,2,2,2,3,3,4,1,2,2,2,3,4,6,2,2,5,5,6,5,4,4,4,7,4,1,4,4,6,4,5,5,4,69,25,9,10,14,11,17,77,29,20,28
160,1,0,12,6,0,1,1,1,2,2,2024 entry,3,3,3,2,3,1,2,1,2,2,3,3,3,3,2,4,4,4,4,4,4,4,4,4,1,1,4,1,4,2,7,7,7,7,1,1,5,5,5,5,5,5,5,5,5,5,2,2,4,5,4,4,85,18,13,21,21,12,29,72,26,25,21
161,1,1,11,6,1,1,0,1,3,2,2024 entry,4,4,4,2,2,4,2,1,1,4,3,3,4,4,2,4,2,4,4,3,4,4,4,3,1,4,4,4,3,3,1,5,7,5,1,5,5,6,5,5,2,1,5,2,4,2,1,7,7,1,5,5,95,23,15,20,19,18,19,68,28,14,26
162,1,1,12,6,0,1,1,1,3,1,2024 entry,3,2,1,4,4,3,3,1,1,2,3,1,2,3,4,4,4,4,4,4,2,1,3,1,1,2,1,3,4,3,3,6,5,3,1,2,2,7,5,2,2,2,2,7,7,7,7,3,2,5,5,5,78,21,9,23,12,13,18,72,20,25,27
163,1,0,12,6,0,1,1,1,4,4,2024 entry,4,4,4,3,4,4,4,4,4,4,4,4,2,4,4,4,4,4,4,3,2,4,4,4,3,4,4,2,4,2,4,6,5,3,1,6,7,7,5,5,7,7,7,7,7,7,4,7,7,4,6,4,109,31,18,24,20,16,19,104,37,35,32
164,1,0,12,6,0,1,1,1,3,3,2024 entry,3,3,3,3,4,4,4,3,3,2,3,2,2,4,3,4,3,4,4,1,2,3,3,3,2,3,3,2,4,3,5,6,5,4,4,4,6,5,5,4,6,6,6,6,6,5,6,6,5,5,6,6,90,27,12,22,14,15,24,93,30,29,34
165,1,1,13,6,0,0,0,1,3,3,2024 entry,3,1,2,1,3,1,1,1,2,3,3,1,1,1,1,2,4,4,4,3,2,2,1,2,1,3,1,1,2,2,4,2,2,2,1,4,3,3,2,2,2,2,2,2,2,2,2,2,2,2,2,2,59,13,10,16,11,9,11,38,16,10,12
166,1,1,13,6,0,1,1,1,3,3,2024 entry,2,3,3,4,3,4,1,3,3,2,2,1,2,4,3,4,4,4,3,3,3,3,3,3,3,2,3,3,2,3,7,5,6,4,1,5,5,5,5,7,5,7,6,5,5,5,6,6,6,5,5,6,86,23,10,22,18,13,23,94,32,28,34
167,1,1,12,6,0,1,1,1,2,2,2024 entry,4,3,2,4,3,3,4,3,2,1,2,3,3,2,2,3,3,3,2,2,4,2,3,2,2,2,3,2,1,3,4,4,4,4,4,6,5,5,5,4,5,4,5,4,4,4,4,4,5,5,5,4,78,26,11,15,15,11,20,78,30,21,27
168,0,1,12,6,0,,,,5,4,missing (imputed in analyses),3,3,4,2,4,4,4,4,4,4,3,2,,4,4,1,4,1,4,2,2,2,2,2,1,4,4,4,4,4,5,6,7,2,2,6,7,7,6,5,6,6,6,6,5,6,2,5,3,3,2,4,,28,,18,11,20,22,85,37,29,19
169,1,0,11,6,0,1,1,0,2,1,2024 entry,3,4,4,2,1,1,1,3,4,4,3,3,4,3,4,4,4,4,4,2,4,3,3,1,2,1,3,2,3,4,4,5,7,5,1,4,4,4,4,4,4,4,4,4,4,4,4,4,4,4,4,4,88,19,18,23,15,13,22,68,24,20,24
170,1,0,12,6,0,1,0,1,2,2,2024 entry,4,4,1,3,4,3,2,3,2,1,1,4,1,4,4,3,4,4,1,3,3,3,3,2,3,4,3,2,4,4,7,5,7,4,1,1,7,7,7,7,7,7,7,7,7,7,7,7,6,7,7,7,87,24,9,20,17,17,24,112,36,35,41
171,1,0,12,6,0,1,1,1,3,2,2024 entry,3,3,3,2,4,2,4,2,4,4,4,3,3,4,1,2,3,2,1,4,4,3,2,1,2,1,1,2,3,1,3,3,7,6,1,5,7,4,2,1,4,6,5,5,4,5,7,2,4,3,6,7,78,23,18,13,16,8,20,77,23,25,29
172,1,0,12,6,0,1,1,1,4,1,2024 entry,1,1,1,1,1,1,1,1,2,2,4,1,4,2,4,1,1,2,3,4,4,3,3,4,3,2,4,1,4,2,1,3,6,1,1,1,5,2,2,2,2,7,5,5,5,5,2,6,6,1,1,6,68,8,13,13,21,13,12,63,14,27,22
173,1,1,13,6,0,1,1,1,3,3,2024 entry,4,4,4,4,4,1,3,3,2,4,4,4,4,4,3,4,4,4,4,4,1,4,4,4,4,3,2,2,4,2,5,4,5,4,5,4,4,7,4,4,4,4,4,4,4,4,4,4,4,4,4,4,102,27,18,23,21,13,23,71,27,20,24
174,1,0,11,6,1,1,1,1,3,3,2024 entry,3,3,3,3,3,4,3,3,2,2,2,2,2,3,3,4,2,3,3,3,2,3,3,1,3,2,4,1,3,4,4,7,7,4,4,4,5,4,5,5,4,4,4,5,3,5,5,4,4,5,5,4,82,25,10,18,15,14,26,75,27,21,27
175,1,0,12,6,0,1,1,0,4,4,2024 entry,1,3,4,4,4,4,4,3,3,3,3,4,4,4,3,3,4,3,3,3,4,2,4,3,2,1,4,2,3,1,5,5,7,2,2,5,6,6,5,6,6,5,5,6,4,6,2,2,6,1,5,4,93,27,17,20,18,11,21,80,34,26,20
176,1,0,12,6,0,1,1,1,4,4,2024 entry,1,3,2,3,4,1,3,4,3,1,2,2,3,4,2,3,4,3,3,3,1,3,2,2,2,3,3,3,4,4,1,3,7,4,1,3,4,4,4,4,2,2,1,2,4,4,3,1,6,7,2,3,81,21,11,19,13,17,16,56,21,13,22
177,1,1,12,6,0,1,1,1,4,4,2024 entry,4,3,3,2,4,4,4,4,2,1,1,3,1,4,3,4,4,4,3,3,1,1,2,1,2,4,3,4,3,3,2,4,4,4,1,4,5,6,5,5,5,6,6,5,5,6,6,6,6,5,6,6,85,28,8,22,10,17,15,93,30,28,35
178,1,1,12,6,0,1,1,1,3,2,2024 entry,4,3,4,3,3,4,3,3,3,4,3,2,3,4,3,4,4,4,3,3,2,3,3,3,3,3,2,3,3,2,5,3,5,4,3,6,6,6,5,5,6,6,6,6,6,5,5,6,6,5,5,6,94,27,15,22,17,13,20,96,34,29,33
179,1,1,11,6,0,0,0,0,3,1,2024 entry,3,3,4,4,3,4,4,4,3,2,2,1,4,4,3,4,4,4,3,3,3,4,3,2,2,4,4,3,4,3,5,5,6,4,1,5,5,5,4,3,4,5,5,6,4,5,5,6,5,3,5,6,98,29,12,22,17,18,21,81,26,25,30
180,1,0,12,6,0,1,1,1,4,2,2024 entry,4,4,4,3,4,1,4,4,1,1,1,4,3,3,3,4,4,4,4,1,1,3,1,1,1,4,3,4,4,4,1,1,2,2,3,1,1,1,1,1,1,1,1,1,1,1,1,1,1,1,1,1,87,28,10,22,8,19,9,17,6,5,6
181,0,0,12,6,0,,,,3,3,missing (imputed in analyses),4,4,4,4,4,4,4,4,4,3,4,3,,3,4,4,4,4,4,2,4,2,3,2,3,2,3,4,4,3,4,7,7,6,5,4,6,7,5,6,7,6,6,6,7,4,4,6,5,4,4,5,,32,,23,16,16,29,92,35,29,28
182,1,1,12,6,0,1,1,1,5,4,2024 entry,2,3,2,1,3,4,2,1,3,1,2,3,3,4,1,4,3,3,3,3,4,4,2,2,2,4,4,2,2,3,3,3,5,2,2,4,6,6,4,5,4,7,6,4,5,5,3,6,3,3,3,5,80,18,12,18,17,15,15,79,29,27,23
183,0,1,12,6,0,,,,4,3,missing (imputed in analyses),4,3,3,3,4,4,3,3,2,2,3,3,,4,2,4,3,3,4,4,4,4,4,4,4,2,3,2,2,3,6,7,7,7,6,2,5,6,7,5,5,5,5,6,6,6,6,6,6,5,5,6,,27,,20,24,12,33,92,30,28,34
184,1,1,12,6,1,1,1,1,2,2,2024 entry,2,4,3,3,3,4,4,4,3,4,4,1,3,3,2,4,4,4,4,2,3,4,3,2,1,3,4,3,3,2,3,3,3,3,2,6,6,6,6,6,6,6,6,6,6,5,6,6,6,6,7,7,93,27,15,21,15,15,14,103,36,29,38
185,0,0,13,6,0,,,,2,1,missing (imputed in analyses),4,3,4,2,4,1,4,3,3,4,4,2,,3,4,4,4,4,4,4,4,4,4,3,4,2,2,3,3,4,4,3,7,5,4,4,4,4,4,4,4,4,4,4,4,4,4,4,4,4,4,4,,25,,23,23,14,23,68,24,20,24
186,1,0,12,6,0,1,1,1,4,2,2024 entry,3,2,4,3,3,3,4,4,4,3,4,1,4,4,2,2,2,3,2,3,3,2,1,4,1,2,3,3,2,4,3,4,5,5,7,5,4,6,5,6,5,5,5,6,4,5,5,4,5,5,5,5,85,26,16,15,14,14,24,85,31,25,29
187,1,0,13,6,0,1,1,1,4,4,2024 entry,4,3,2,3,3,4,1,3,2,1,2,4,2,1,1,1,1,1,4,3,2,3,3,3,2,3,4,2,3,1,4,3,4,1,1,2,4,4,6,5,4,4,5,5,5,7,7,5,5,4,4,5,72,23,11,9,16,13,13,81,25,26,30
188,1,1,12,6,0,1,1,1,5,3,2024 entry,4,4,4,4,4,4,4,2,4,4,2,3,4,4,4,4,4,4,3,4,4,4,4,4,4,2,4,2,4,4,3,7,7,7,1,6,7,6,5,5,5,7,7,7,7,7,5,6,5,6,5,5,110,30,17,23,24,16,25,101,34,35,32
189,1,1,13,6,0,1,1,1,4,3,2024 entry,1,3,1,1,1,3,4,1,3,4,4,4,4,4,2,4,1,4,4,4,4,4,3,1,4,2,2,1,1,1,7,3,1,1,1,1,1,1,1,1,1,1,1,1,1,1,1,1,1,1,1,1,80,15,19,19,20,7,13,17,6,5,6
190,0,1,11,4,0,,,,4,4,missing (imputed in analyses),4,4,3,4,4,1,4,1,4,4,4,4,,4,1,4,4,3,4,4,2,3,3,3,1,2,4,2,4,1,6,7,7,4,1,2,7,2,7,7,7,7,5,5,7,6,6,7,7,7,7,7,,25,,20,16,13,25,103,32,30,41
191,1,1,11,4,0,1,1,0,4,4,2024 entry,4,1,4,4,1,4,1,4,3,1,2,4,4,1,4,4,4,4,2,3,3,1,3,3,3,4,3,2,4,4,4,5,6,6,3,2,4,2,2,1,4,4,1,4,6,3,6,7,5,4,4,7,89,23,14,19,16,17,24,66,15,18,33
192,0,1,11,4,0,,,,5,4,missing (imputed in analyses),4,1,3,4,1,4,2,4,3,1,1,3,,2,4,4,2,2,4,3,3,1,3,3,3,4,3,2,4,4,4,5,6,6,3,5,4,4,5,5,5,4,3,5,5,5,6,6,5,5,4,4,,23,,18,16,17,24,80,28,22,30
193,1,1,11,4,1,1,0,0,2,2,2024 entry,4,4,4,1,1,1,1,3,1,3,4,2,4,3,1,1,3,2,2,3,4,3,4,1,3,1,3,2,3,2,4,3,3,1,2,5,5,7,3,6,5,7,5,6,5,2,1,1,2,3,1,1,74,19,14,12,18,11,13,65,31,25,9
194,1,1,11,4,1,1,1,0,2,2,2024 entry,4,2,4,1,2,1,3,4,3,4,2,4,4,4,3,4,4,3,4,4,4,4,4,4,4,4,4,2,2,4,7,6,6,4,7,5,3,6,5,3,5,6,5,5,6,5,6,4,5,4,5,5,100,21,17,22,24,16,30,83,27,27,29
195,1,0,11,4,0,1,1,1,5,4,2024 entry,4,4,3,2,4,4,2,4,4,4,3,2,4,4,4,2,4,4,4,4,4,4,4,4,1,4,4,1,4,4,5,6,5,2,6,1,5,5,6,5,5,6,7,7,6,5,1,6,4,5,6,7,104,27,17,22,21,17,24,87,27,31,29
196,1,0,11,4,0,1,1,1,3,3,2024 entry,4,1,4,4,4,1,4,4,4,4,4,1,4,4,3,4,4,4,4,4,1,1,4,4,4,4,4,4,4,4,4,7,7,1,1,1,5,7,3,7,6,7,4,4,4,1,3,5,7,7,4,4,104,26,17,23,18,20,20,79,29,20,30
197,1,1,11,4,0,1,1,1,3,2,2024 entry,2,1,3,1,2,3,3,3,1,3,1,2,4,3,2,1,4,1,2,2,3,3,4,3,1,1,3,2,4,2,4,6,7,7,6,4,2,5,5,5,4,4,5,4,5,6,4,7,5,6,5,6,70,18,11,13,16,12,30,82,25,24,33
198,1,0,11,4,0,1,1,0,2,2,2024 entry,4,4,1,4,4,4,4,4,4,4,4,4,2,4,4,4,4,4,4,4,4,4,4,4,4,4,1,1,4,1,6,7,7,7,7,4,1,4,1,5,1,1,1,1,1,1,5,7,4,6,1,1,106,29,18,24,24,11,34,45,16,5,24
199,1,1,11,4,0,1,1,1,3,2,2024 entry,4,3,4,4,4,3,2,2,4,4,4,4,4,4,3,3,2,4,3,3,4,3,3,3,3,3,4,3,3,4,3,7,7,3,4,6,6,5,4,5,5,6,6,6,4,6,5,5,5,2,6,6,101,26,20,19,19,17,24,88,31,28,29
200,1,0,11,4,0,1,1,1,2,2,2024 entry,3,1,3,1,3,4,2,1,1,3,1,3,3,3,3,4,4,2,4,4,4,1,2,3,1,4,3,4,4,1,4,7,7,7,4,5,5,5,6,4,4,5,7,6,6,4,7,7,7,5,5,7,80,18,11,20,15,16,29,95,29,28,38
201,0,0,11,4,0,,,,3,3,missing (imputed in analyses),4,4,4,4,4,4,4,4,4,4,4,4,,4,4,4,4,4,4,4,4,4,4,4,4,1,4,1,4,4,5,7,7,7,7,6,6,6,5,6,6,6,6,6,1,6,6,6,6,6,5,6,,32,,24,24,14,33,95,35,25,35
202,1,0,11,4,0,1,1,1,3,3,2024 entry,4,4,4,4,4,4,4,4,4,4,1,4,4,4,4,1,4,4,4,4,4,4,4,4,4,1,4,1,4,4,7,6,7,7,1,7,7,7,7,7,7,7,7,7,7,7,7,7,7,7,7,7,108,32,17,21,24,14,28,119,42,35,42
203,1,0,10,4,0,1,1,1,4,3,2024 entry,4,3,2,3,3,2,3,1,2,4,4,2,4,4,3,2,3,2,3,3,4,2,2,3,4,1,1,1,3,1,4,3,7,1,1,5,4,6,5,4,1,7,6,5,6,7,6,7,4,3,4,5,79,21,16,17,18,7,16,85,25,31,29
204,1,0,11,4,0,1,1,1,3,2,2024 entry,3,4,3,4,4,4,4,2,3,2,1,2,3,4,4,3,2,4,4,3,2,1,3,1,3,2,4,3,4,2,4,5,5,4,1,5,5,6,5,4,4,4,4,5,6,5,3,4,5,4,4,4,88,28,11,21,13,15,19,77,29,24,24
205,1,0,11,4,0,1,1,1,3,3,2024 entry,4,4,4,3,4,4,3,3,3,4,3,3,4,4,4,4,4,4,3,2,3,2,2,3,3,3,4,2,4,3,3,3,3,7,4,2,2,5,1,2,2,5,5,4,5,3,3,3,1,3,4,3,100,29,17,23,15,16,20,53,14,22,17
206,1,1,11,4,0,0,0,1,3,2,2024 entry,4,4,4,4,4,4,4,4,4,4,4,4,4,4,4,4,4,4,4,4,4,4,4,4,4,4,4,1,4,1,7,5,7,7,7,7,7,7,7,7,7,7,7,7,7,7,7,7,7,5,7,7,114,32,20,24,24,14,33,117,42,35,40
207,1,0,11,4,0,1,1,1,3,3,2024 entry,4,4,4,4,4,4,4,4,1,4,4,4,4,1,4,4,4,1,4,1,4,4,1,1,1,1,4,4,4,4,5,7,7,3,5,7,7,7,7,7,7,7,7,7,7,7,1,7,1,1,7,7,96,32,17,18,12,17,27,101,42,35,24
208,1,0,10,4,0,1,1,0,5,4,2024 entry,4,2,2,1,4,3,2,1,4,4,4,4,1,4,4,3,4,4,3,4,4,4,4,1,3,3,3,2,3,1,5,3,5,7,1,5,5,5,4,7,2,3,6,4,3,5,2,3,7,4,2,7,90,19,17,22,20,12,21,74,28,21,25
209,1,0,10,4,0,1,1,1,2,2,2024 entry,4,2,1,3,4,3,3,3,3,3,2,3,1,1,4,4,4,4,4,4,4,1,1,1,2,3,2,2,2,3,1,7,7,1,7,4,4,4,4,4,4,4,4,4,4,4,4,4,4,4,4,4,81,23,12,21,13,12,23,68,24,20,24
210,1,1,11,4,0,1,1,0,2,2,2024 entry,2,3,4,3,4,3,2,1,2,2,1,3,4,4,4,4,4,4,3,4,4,4,3,2,4,2,3,3,4,3,2,4,3,4,1,5,4,3,6,4,4,5,3,5,3,4,4,5,6,4,4,5,93,22,12,23,21,15,14,74,26,20,28
211,1,1,11,4,0,1,1,1,2,1,2024 entry,1,4,2,3,3,2,3,1,2,3,3,1,2,3,3,1,1,4,1,4,3,1,3,2,1,2,3,3,2,3,5,6,4,4,3,5,3,4,5,1,3,4,6,4,1,7,5,4,6,2,1,7,70,19,11,13,14,13,22,68,21,22,25
212,1,1,12,4,0,1,1,0,2,1,2024 entry,4,4,4,4,4,4,3,4,2,2,2,2,2,4,4,2,2,3,4,3,3,1,3,3,3,4,4,4,4,4,7,7,7,7,7,7,7,7,7,7,7,7,7,7,4,4,7,7,4,4,7,4,96,31,10,19,16,20,35,104,42,29,33
213,1,1,11,4,1,1,1,1,3,1,2024 entry,4,3,4,3,1,2,4,3,3,4,3,3,4,4,2,4,3,2,4,3,3,3,4,1,3,1,2,3,4,3,1,4,7,6,4,1,5,6,2,2,5,6,1,5,6,5,5,1,2,6,2,3,90,24,17,19,17,13,22,63,21,23,19
214,0,1,11,4,0,,,,4,1,missing (imputed in analyses),4,4,4,4,4,4,4,4,4,4,4,4,,4,4,4,4,4,4,4,4,4,4,4,4,4,1,2,4,4,6,7,7,2,1,7,7,7,5,6,7,7,7,7,7,7,7,7,7,7,7,7,,32,,24,24,15,23,116,39,35,42
215,1,1,11,4,1,1,0,1,5,3,2024 entry,2,4,2,3,4,2,3,4,3,2,1,3,3,3,4,2,3,4,2,3,,2,3,2,1,1,1,3,3,2,3,3,6,2,2,4,5,6,2,5,5,2,5,4,1,2,4,2,4,2,4,5,,24,12,18,,10,16,62,27,14,21
216,1,1,10,4,0,1,1,1,4,1,2024 entry,4,4,4,2,3,4,3,4,2,3,2,2,3,4,4,4,4,3,3,2,2,2,3,2,2,3,4,3,4,2,5,4,4,3,4,4,3,4,4,3,4,1,2,4,4,3,4,4,3,4,3,4,91,28,12,22,13,16,20,58,22,14,22
217,1,0,10,4,1,1,1,0,3,1,2024 entry,3,4,3,1,4,1,1,1,1,2,1,4,4,4,4,1,1,4,1,1,4,4,4,4,1,1,2,1,1,4,1,6,4,1,1,5,4,5,2,1,5,5,5,5,4,5,4,2,5,4,5,5,72,18,12,15,18,9,13,71,22,24,25
218,1,0,10,4,1,1,0,1,3,3,2024 entry,2,2,2,1,2,2,3,3,3,3,3,4,4,4,3,2,4,4,4,4,4,4,4,4,4,2,4,1,4,3,6,3,3,3,6,3,3,7,2,2,1,5,5,5,4,4,5,2,3,4,4,5,93,17,17,21,24,14,21,64,18,23,23
219,1,0,11,4,1,1,1,0,2,2,2024 entry,3,2,3,3,3,3,3,2,2,3,2,2,3,3,2,3,2,2,3,2,2,3,2,2,2,3,2,3,3,3,3,3,5,3,2,4,5,4,5,4,5,4,4,5,4,4,5,5,4,5,4,4,76,22,12,15,13,14,16,75,27,21,27
220,1,0,12,4,1,1,1,0,4,2,2024 entry,4,3,4,3,4,4,4,3,3,3,4,2,2,4,3,4,4,4,4,2,3,3,2,2,3,4,4,1,4,4,2,5,6,4,1,5,6,6,5,6,4,7,6,6,4,5,6,6,5,5,4,5,98,29,14,23,15,17,18,91,32,28,31
221,0,0,11,4,0,,,,2,1,missing (imputed in analyses),4,4,4,4,4,4,4,4,4,4,4,4,,4,4,4,4,4,3,4,3,4,4,4,4,3,3,1,4,3,4,2,7,3,1,7,7,7,5,5,7,4,7,7,7,7,7,7,5,5,5,4,,32,,23,23,14,17,103,38,32,33
222,1,0,12,4,0,1,1,0,2,1,2024 entry,2,3,3,3,3,3,3,2,4,2,3,2,3,4,1,4,3,3,3,3,4,3,3,2,2,3,4,3,2,3,4,5,5,4,1,5,6,6,6,6,6,6,6,5,6,4,7,7,6,6,5,6,86,22,14,18,17,15,19,99,35,27,37
223,1,0,11,4,0,1,1,1,4,1,2024 entry,2,2,1,2,2,2,4,2,4,3,3,4,4,4,4,4,2,4,1,3,4,3,3,1,1,4,1,1,4,4,1,7,7,1,7,4,1,5,5,4,3,5,5,5,4,5,4,4,4,4,4,4,83,17,18,19,15,14,23,70,22,24,24
224,1,1,10,4,0,1,1,1,3,2,2024 entry,4,2,3,4,4,2,4,4,2,4,1,1,3,4,4,3,4,3,4,3,3,2,2,2,1,2,4,2,3,4,2,7,7,1,1,5,2,5,6,5,5,7,1,6,5,3,1,2,4,4,2,6,88,27,11,22,13,15,18,69,28,22,19
225,1,1,10,4,0,1,1,1,5,3,2024 entry,4,4,3,4,3,4,4,4,2,1,1,1,1,3,4,4,4,4,4,1,1,1,1,1,1,4,4,1,4,4,7,1,7,1,1,5,5,6,2,2,3,7,6,1,1,2,1,5,4,5,5,5,82,30,6,23,6,17,17,65,23,17,25
226,1,1,11,4,0,0,0,1,3,1,2024 entry,3,1,4,3,3,3,4,3,1,1,2,2,1,3,4,4,3,4,4,4,2,1,1,4,1,3,4,3,4,4,2,5,6,2,2,4,6,6,3,2,6,2,6,5,5,5,6,5,6,4,6,7,84,24,7,22,13,18,17,84,27,23,34
227,0,1,11,4,0,,,,4,3,missing (imputed in analyses),4,4,4,4,4,4,4,4,4,4,4,1,,1,4,4,4,4,4,4,4,4,4,4,4,4,1,4,4,4,6,5,7,7,7,5,7,7,6,6,7,7,7,6,4,6,6,7,6,5,5,5,,32,,21,24,17,32,102,38,30,34
228,0,1,11,4,0,,,,2,2,missing (imputed in analyses),4,4,4,4,4,4,4,4,4,4,4,4,,4,4,4,4,4,4,4,1,4,4,4,4,4,4,4,4,4,7,6,7,6,7,5,7,7,5,5,7,7,6,7,4,7,5,5,4,4,4,5,,32,,24,21,20,33,94,36,31,27
229,0,1,12,4,0,,,,2,2,missing (imputed in analyses),4,4,4,4,4,4,4,4,3,4,4,4,,4,4,4,4,4,4,4,4,3,3,3,3,2,4,3,4,4,2,4,7,4,5,6,5,6,5,4,5,5,5,5,5,5,5,6,5,6,6,6,,32,,24,20,17,22,90,31,25,34
230,1,0,12,4,0,1,1,1,3,3,2024 entry,4,4,4,1,2,4,4,4,4,4,4,1,4,4,2,4,4,4,4,2,1,1,4,2,4,4,4,2,3,3,3,7,6,4,7,2,6,3,4,4,3,3,4,4,4,4,5,7,2,3,4,1,96,27,17,22,14,16,27,63,22,19,22
231,1,0,11,4,0,1,1,1,5,2,2024 entry,4,4,4,3,4,3,4,4,4,4,4,3,2,4,4,4,4,4,3,4,3,3,4,3,4,4,4,4,3,4,3,7,7,6,7,6,6,7,5,7,6,5,6,7,4,6,6,7,7,6,6,7,110,30,17,23,21,19,30,104,37,28,39
232,0,0,11,4,0,,,,3,2,missing (imputed in analyses),4,4,4,4,4,4,4,4,2,2,2,2,,4,4,4,4,4,4,2,2,2,1,2,2,4,4,4,4,4,6,7,7,7,7,2,5,1,7,7,1,1,1,1,1,7,7,1,7,1,1,1,,32,,24,11,20,34,52,23,11,18
233,1,0,11,4,0,1,1,1,2,2,2024 entry,4,3,2,1,2,1,4,3,2,1,2,1,3,1,3,2,3,2,3,3,2,2,2,2,1,3,3,4,1,3,2,3,2,4,4,2,,3,4,4,3,7,4,6,5,6,3,7,3,5,4,3,69,20,9,14,12,14,15,,,28,25
234,1,1,10,4,0,1,1,1,4,1,2024 entry,2,4,4,3,4,1,4,4,3,4,4,4,3,4,3,1,3,3,4,3,4,4,4,3,3,4,2,4,3,4,4,7,7,7,6,7,4,6,5,5,6,5,5,7,7,7,7,7,7,7,6,5,100,26,18,18,21,17,31,103,33,31,39
235,1,1,10,4,0,1,1,1,4,4,2024 entry,1,4,4,1,4,1,4,4,3,4,4,4,3,4,3,1,3,4,4,4,4,4,4,3,3,4,2,4,3,4,7,7,7,7,7,7,7,7,1,1,7,1,7,7,1,7,7,7,7,7,7,7,99,23,18,19,22,17,35,95,30,23,42
236,1,1,10,4,0,1,1,1,4,2,2024 entry,3,2,3,3,4,4,2,3,3,4,4,4,4,3,2,1,3,4,4,3,1,2,3,1,1,4,4,2,2,4,1,4,6,4,1,5,1,7,1,2,6,1,5,7,4,1,1,5,7,7,7,6,87,24,19,17,11,16,16,73,22,18,33
237,1,1,10,4,0,1,1,0,5,3,2024 entry,3,2,3,3,4,4,2,3,3,4,4,4,4,3,2,1,3,4,4,3,1,2,3,1,1,4,4,2,2,4,1,4,6,4,1,5,1,7,1,2,6,1,5,7,4,1,1,5,7,7,6,6,87,24,19,17,11,16,16,72,22,18,32
238,1,1,10,4,0,1,1,1,4,4,2024 entry,4,4,4,4,3,4,4,2,4,4,2,2,3,3,3,3,3,3,3,2,2,1,4,2,2,4,2,3,2,4,1,7,6,3,1,6,5,5,4,5,3,5,5,5,4,4,5,5,4,3,4,5,90,29,15,18,13,15,18,77,28,23,26
239,1,0,11,4,0,1,1,1,4,2,2024 entry,4,2,2,4,2,4,3,4,4,3,1,1,3,3,3,2,3,3,3,3,1,1,1,2,1,3,3,2,4,4,5,6,7,6,1,1,2,4,4,1,2,1,2,2,2,1,1,2,2,2,4,1,79,25,12,17,9,16,25,34,14,8,12
240,1,0,10,4,1,1,0,1,2,2,2024 entry,4,3,4,1,2,4,3,4,3,2,4,1,2,4,1,2,3,4,3,3,1,4,1,3,2,3,3,3,1,3,3,1,6,5,3,1,2,4,4,3,7,5,4,2,4,1,4,3,4,3,5,4,81,25,12,17,14,13,18,60,21,16,23
241,1,0,12,4,1,1,0,1,2,2,2024 entry,3,1,3,1,3,3,3,2,3,2,4,3,4,3,2,3,4,3,2,2,4,2,3,2,3,2,3,3,2,1,2,4,6,7,6,4,5,6,4,4,4,4,6,4,4,4,4,4,7,6,5,7,79,19,16,17,16,11,25,82,27,22,33
242,1,1,10,4,0,1,1,0,5,1,2024 entry,2,3,2,3,2,2,3,3,3,3,3,4,3,3,4,3,2,3,3,2,2,3,3,2,2,4,4,3,3,3,4,4,5,3,4,4,4,4,4,3,3,4,4,5,4,4,3,4,3,4,4,5,85,20,16,18,14,17,20,66,22,21,23
243,1,1,11,4,0,1,1,1,3,1,2024 entry,3,4,4,4,4,4,4,2,4,4,4,4,4,4,4,3,3,4,4,4,4,4,4,3,4,2,3,2,3,4,5,6,7,3,1,5,7,4,6,4,7,7,6,7,7,7,6,7,6,6,6,7,108,29,20,22,23,14,22,105,33,34,38
244,1,1,10,4,0,1,1,1,5,1,2024 entry,2,4,3,4,4,1,2,1,1,1,2,4,2,1,1,2,1,4,4,1,1,4,1,2,2,1,4,3,1,1,3,1,1,2,4,2,4,7,5,1,4,7,7,7,6,6,5,7,6,7,5,7,65,21,10,13,11,10,11,93,23,33,37
245,1,0,11,4,0,1,1,1,3,2,2024 entry,4,4,4,4,4,4,4,4,4,4,4,4,4,4,4,4,4,4,4,4,4,1,4,1,1,4,4,4,4,4,6,7,7,7,7,2,5,1,7,7,1,1,1,1,1,7,7,1,7,1,1,1,111,32,20,24,15,20,34,52,23,11,18
246,1,1,11,4,0,0,0,1,4,3,2024 entry,4,4,4,4,3,4,4,4,3,2,4,1,4,4,4,4,1,4,4,2,3,1,4,2,1,4,3,2,4,4,1,7,6,3,1,6,1,4,4,4,6,7,6,6,4,4,1,7,5,4,4,4,96,31,14,21,13,17,18,77,25,27,25
247,1,1,10,4,0,1,1,1,3,2,2024 entry,3,3,3,3,3,3,3,3,2,2,2,2,2,4,3,3,3,3,3,2,2,2,2,1,2,3,4,3,4,3,3,4,6,3,4,4,5,4,4,4,5,5,5,5,5,5,4,4,5,5,5,5,81,24,10,19,11,17,20,79,26,25,28
248,1,0,12,4,1,1,1,0,3,1,2024 entry,4,3,4,4,4,3,4,1,3,2,3,2,4,4,4,4,4,4,3,1,4,4,4,2,2,2,4,3,3,3,4,4,7,2,7,2,1,1,1,1,1,1,4,2,1,1,3,3,3,2,2,2,96,27,14,23,17,15,24,31,7,9,15
249,1,0,11,4,0,1,1,0,3,3,2024 entry,4,3,4,1,4,4,4,2,4,4,4,1,4,4,4,4,4,4,1,4,4,4,4,4,4,1,4,1,2,2,6,6,6,1,1,4,7,7,6,5,7,7,6,7,5,6,6,6,5,5,4,6,98,26,17,21,24,10,20,99,36,31,32
250,1,1,10,4,1,1,1,1,3,3,2024 entry,2,2,2,4,4,4,4,4,3,3,3,3,3,4,4,2,4,3,4,3,3,3,4,3,3,2,2,2,4,2,2,3,4,1,1,2,2,2,3,4,4,4,5,3,5,4,3,4,3,4,4,5,93,26,15,21,19,12,11,61,17,21,23
251,0,1,10,4,0,,,,5,4,missing (imputed in analyses),4,3,4,3,4,4,3,4,4,4,4,4,,4,4,3,4,4,2,3,4,3,4,4,3,2,4,3,4,3,4,6,4,1,2,5,1,6,2,2,5,1,4,5,5,4,4,6,4,2,4,7,,29,,21,21,16,17,67,21,19,27
252,1,0,12,4,0,0,0,1,1,1,2024 entry,4,4,4,4,4,4,4,4,1,1,1,1,1,4,4,4,4,4,4,1,1,1,4,3,3,4,4,4,4,4,6,7,7,7,6,5,6,7,7,7,6,4,5,5,5,5,5,5,5,5,5,5,94,32,5,24,13,20,33,92,38,24,30
253,1,1,10,4,0,1,1,1,5,4,2024 entry,4,3,2,2,3,4,4,4,1,2,2,2,2,4,2,4,3,2,4,3,1,2,1,2,3,3,4,3,3,3,1,3,7,1,7,3,7,7,4,6,4,5,4,4,6,4,5,6,1,2,4,1,82,26,9,19,12,16,19,73,31,23,19
254,0,1,11,4,0,,,,4,3,missing (imputed in analyses),4,4,4,4,4,4,4,4,4,1,4,1,,4,4,4,4,4,4,4,1,4,4,4,1,1,4,4,4,4,1,7,7,7,1,7,7,7,1,7,7,7,7,7,1,7,1,7,1,1,1,7,,32,,24,18,17,23,83,36,29,18
255,1,0,9,4,0,1,1,0,1,1,2024 entry,4,1,4,1,4,4,4,1,2,3,4,1,4,4,4,4,4,4,2,4,4,4,4,2,2,1,4,4,4,1,1,6,4,1,5,3,7,4,7,3,4,7,4,7,4,4,1,7,4,1,4,4,93,23,14,22,20,14,17,75,28,26,21
256,0,0,11,4,0,,,,4,4,missing (imputed in analyses),3,3,2,2,3,4,3,3,2,3,3,4,,4,3,4,4,4,4,4,4,3,3,4,4,4,4,4,3,1,5,7,7,6,4,5,5,4,6,6,3,5,6,5,6,4,5,6,5,4,4,5,,23,,23,22,16,29,84,29,26,29
257,0,0,10,4,0,,,,3,3,missing (imputed in analyses),4,3,4,1,4,1,4,1,3,2,4,3,,4,4,2,4,4,4,4,4,1,4,4,4,1,4,3,2,4,7,7,7,7,7,4,4,4,5,7,7,7,7,4,4,4,4,4,4,4,4,7,,22,,22,21,14,35,84,31,26,27
258,1,0,10,4,1,1,1,1,2,2,2024 entry,4,4,4,2,3,4,2,4,3,4,4,3,3,3,4,1,3,4,2,3,4,2,3,3,3,3,4,3,4,2,1,3,7,7,4,2,3,5,5,3,6,5,4,6,6,6,6,5,5,6,6,6,95,27,17,17,18,16,22,85,24,27,34
259,1,0,10,4,0,1,1,1,3,3,2024 entry,4,4,3,1,2,2,1,1,2,3,4,4,2,1,4,1,4,4,3,4,4,1,4,1,1,1,4,1,4,1,1,3,1,1,7,7,7,7,5,7,7,7,7,7,1,7,1,1,7,7,7,7,76,18,15,17,15,11,13,99,40,29,30
260,1,0,10,4,0,1,1,1,5,4,2024 entry,1,1,1,4,4,4,4,4,4,4,4,3,3,4,3,4,3,4,3,4,3,1,3,1,2,3,4,4,4,2,1,2,1,1,2,5,4,7,1,1,5,7,4,4,1,2,5,1,1,1,1,1,93,23,18,21,14,17,7,51,23,18,10
261,1,1,11,4,0,1,1,1,2,2,2024 entry,4,4,4,1,4,4,4,4,4,4,4,4,4,4,4,4,4,4,4,4,4,4,4,4,3,3,4,2,4,4,5,5,1,1,1,7,7,7,3,1,7,7,7,7,7,7,6,7,6,7,7,7,113,29,20,24,23,17,13,107,32,35,40
262,0,1,10,4,0,,,,5,4,missing (imputed in analyses),4,2,4,4,4,4,4,3,3,4,4,2,,4,4,3,3,4,2,3,3,3,4,1,2,1,4,2,4,4,4,7,6,7,4,5,5,7,3,3,4,5,4,7,5,6,6,1,4,4,5,7,,29,,20,16,15,28,81,27,27,27
263,1,1,10,4,0,0,0,1,4,2,2024 entry,4,3,3,2,2,2,3,4,2,3,2,2,2,4,3,3,3,3,2,3,4,4,4,3,2,1,3,1,3,3,4,2,5,5,3,5,5,4,2,5,4,4,4,4,2,2,5,4,4,4,3,3,83,23,11,18,20,11,19,64,25,16,23
264,1,0,11,4,0,1,1,1,2,2,2024 entry,3,3,3,2,3,4,4,2,3,3,3,3,3,4,4,4,4,4,3,3,3,3,2,2,3,4,4,4,3,2,5,5,5,3,1,3,7,7,7,7,6,6,6,6,7,7,7,5,5,6,5,5,95,24,15,23,16,17,19,102,37,32,33
265,1,1,11,4,0,1,1,1,3,2,2024 entry,3,4,3,1,3,4,3,3,3,2,1,3,4,1,1,3,3,4,4,2,3,3,3,3,2,4,1,1,2,3,3,4,3,3,3,7,6,7,4,4,4,7,7,7,7,6,5,2,2,1,6,7,80,24,13,16,16,11,16,89,32,34,23
266,1,0,10,4,0,1,1,1,2,1,2024 entry,2,2,1,1,1,4,1,1,3,2,3,2,1,2,1,3,3,4,2,3,3,3,4,3,1,4,1,3,4,3,4,5,1,1,4,4,7,6,3,7,4,5,7,6,7,5,1,1,7,4,4,6,71,13,11,15,17,15,15,84,31,30,23
267,1,0,11,4,0,0,0,1,3,3,2024 entry,3,3,3,3,4,4,4,4,1,1,1,1,2,3,3,3,3,3,4,1,2,2,2,2,1,4,4,4,4,4,1,2,1,2,2,1,1,1,5,1,1,2,2,2,2,2,1,1,1,1,1,1,83,28,6,19,10,20,8,26,10,10,6
268,1,0,9,3,0,1,1,1,3,3,2024 entry,2,2,2,1,3,2,3,1,2,2,3,2,2,2,2,2,4,3,3,2,3,2,1,2,2,3,1,3,2,2,2,3,1,4,1,5,3,4,2,3,2,3,4,3,3,4,2,2,2,4,2,2,66,16,11,16,12,11,11,50,19,17,14
269,0,0,10,3,1,,,,2,2,missing (imputed in analyses),4,2,4,1,4,3,3,4,1,3,4,3,,3,4,4,4,3,2,2,4,3,1,2,1,4,3,1,2,4,4,1,2,1,1,7,1,2,2,1,4,2,3,5,1,6,4,1,4,4,4,1,,25,,20,13,14,9,52,17,17,18
270,1,0,10,3,0,1,1,1,2,2,2024 entry,2,1,4,4,4,4,4,4,1,1,1,1,2,3,1,2,4,3,2,2,4,3,1,3,1,4,1,1,2,4,2,1,1,7,1,2,4,4,4,4,4,1,1,1,1,1,1,3,2,1,1,1,74,27,6,15,14,12,12,36,22,5,9
271,1,1,10,3,0,0,0,0,4,3,2024 entry,2,4,2,2,4,4,2,3,4,4,3,4,4,4,4,2,4,4,4,4,4,4,1,3,1,2,4,4,2,3,5,6,7,1,1,5,4,4,2,5,5,4,5,6,5,4,3,7,7,5,6,5,96,23,19,22,17,15,20,82,25,24,33
272,1,0,10,3,0,1,1,1,4,3,2024 entry,2,4,3,2,4,2,2,3,3,2,2,3,2,3,2,1,2,3,4,3,3,2,3,2,3,4,3,2,3,4,2,4,5,5,4,4,3,5,7,7,5,4,3,6,5,7,2,5,5,6,4,5,81,22,12,15,16,16,20,83,31,25,27
273,1,0,10,3,0,1,1,1,4,3,2024 entry,3,4,3,3,4,2,3,2,2,3,2,3,2,2,2,3,2,3,3,2,4,4,4,3,4,2,3,3,2,3,4,1,3,3,2,3,4,2,3,4,3,4,3,4,2,4,3,3,4,3,4,2,85,24,12,15,21,13,13,55,19,17,19
274,1,0,10,3,1,1,1,0,2,2,2024 entry,4,1,3,1,1,1,4,1,4,3,2,2,3,2,3,2,2,4,1,3,3,2,2,2,4,3,3,1,3,2,1,3,1,2,4,2,1,1,1,1,3,3,4,4,4,4,4,4,4,5,5,5,72,16,14,14,16,12,11,55,9,19,27
275,1,0,10,3,0,1,1,0,3,3,2024 entry,4,3,3,4,2,4,3,2,2,4,4,2,3,2,3,3,2,3,1,2,4,2,3,2,1,2,3,2,3,2,1,2,4,3,4,1,2,1,5,1,2,4,6,1,1,4,4,1,4,1,4,2,80,25,15,14,14,12,14,44,12,16,16
276,1,0,10,3,0,1,1,0,2,2,2024 entry,1,4,3,4,3,4,3,4,2,1,3,2,4,2,4,2,4,4,3,3,1,1,1,1,1,4,3,3,3,3,1,1,2,2,7,7,7,1,1,1,2,2,3,4,4,4,1,2,3,4,5,7,81,26,12,19,8,16,13,58,19,17,22
277,1,1,9,3,0,1,1,0,3,1,2024 entry,4,1,4,4,1,4,4,4,4,3,1,3,1,4,4,4,3,4,4,1,4,1,4,1,4,4,1,4,4,3,7,6,4,7,4,1,4,4,1,4,4,1,4,5,4,5,1,4,4,4,1,5,92,26,12,23,15,16,28,56,18,19,19
278,1,0,10,3,1,0,0,0,3,2,2024 entry,3,3,3,3,3,4,3,2,3,3,4,2,1,1,3,2,2,2,3,3,3,2,2,3,2,2,2,2,3,2,6,1,1,2,4,6,7,2,3,5,6,3,7,5,3,6,5,3,3,3,6,5,76,24,13,13,15,11,14,78,29,24,25
279,0,1,11,3,1,,,,2,2,missing (imputed in analyses),4,4,3,3,4,4,3,4,4,3,4,1,,4,4,4,4,4,3,4,2,1,4,2,1,4,4,4,3,3,2,6,6,4,1,5,5,5,3,4,4,5,5,5,4,4,3,5,4,4,4,5,,29,,23,14,18,19,74,26,23,25
280,1,1,10,3,0,0,0,0,5,1,2024 entry,4,1,1,4,2,4,1,1,2,1,2,1,2,4,1,3,4,4,4,1,2,1,2,3,1,3,4,1,3,2,3,2,7,3,1,5,4,4,5,2,6,5,3,5,1,2,1,3,5,5,3,2,69,18,8,20,10,13,16,61,26,16,19
281,0,0,9,3,0,,,,2,2,missing (imputed in analyses),2,4,3,4,1,2,1,4,4,4,3,2,,4,4,4,2,3,4,3,3,3,2,3,2,4,4,2,4,4,4,6,6,7,4,7,7,7,5,7,7,5,5,7,7,6,5,7,5,7,5,7,,21,,21,16,18,27,106,40,30,36
282,1,0,10,3,1,1,1,0,4,4,2024 entry,1,4,1,4,1,1,1,4,4,4,4,4,4,4,4,1,4,4,4,4,4,4,4,4,4,4,1,1,4,4,7,7,7,7,1,4,4,4,4,7,4,4,4,4,4,4,4,4,4,4,4,4,96,17,20,21,24,14,29,71,27,20,24
283,1,1,10,3,0,1,1,1,2,2,2024 entry,4,2,3,4,4,1,3,2,2,3,3,4,4,1,2,1,1,2,3,4,2,4,2,3,4,1,3,1,1,1,5,4,1,1,1,5,7,7,7,7,4,4,1,7,7,7,7,7,7,7,7,7,75,23,16,10,19,7,12,105,37,26,42
284,0,1,10,3,0,,,,4,2,missing (imputed in analyses),4,2,2,1,4,3,3,2,4,2,2,1,,2,2,4,4,4,3,3,3,3,3,4,3,3,1,3,2,3,4,6,5,6,3,5,4,5,3,4,5,6,4,5,3,6,4,4,3,5,5,6,,21,,19,19,12,24,77,26,24,27
285,1,1,10,3,1,1,1,0,3,2,2024 entry,4,2,2,1,4,3,4,3,1,2,3,2,2,2,3,1,2,2,4,3,4,3,1,2,3,3,1,3,2,2,7,7,7,4,1,4,3,5,2,4,6,4,4,4,5,3,5,6,4,5,4,5,74,23,10,14,16,11,26,73,24,20,29
286,1,0,9,3,0,1,1,1,3,3,2024 entry,4,3,4,4,4,1,1,1,4,4,4,1,4,4,1,1,4,1,1,3,2,2,4,3,1,2,3,1,1,1,4,6,1,4,3,4,4,4,4,4,4,4,4,4,4,4,4,4,4,4,4,4,74,22,17,12,15,8,18,68,24,20,24
287,0,1,10,3,0,,,,2,2,missing (imputed in analyses),4,4,4,4,4,4,4,1,4,4,4,1,,4,4,4,4,4,4,3,4,3,4,3,2,4,4,4,4,4,4,7,6,6,6,6,6,3,3,7,7,6,6,7,7,7,5,5,7,5,5,6,,29,,24,19,20,29,98,32,33,33
288,1,0,9,3,0,1,1,0,5,3,2024 entry,3,3,3,3,2,2,3,3,3,4,3,3,3,3,3,3,4,4,2,3,3,3,3,3,3,3,3,2,3,3,4,7,7,6,5,1,5,5,5,4,4,5,5,5,5,5,3,3,3,3,3,3,89,22,16,19,18,14,29,67,24,25,18
289,1,0,10,3,0,1,1,1,4,4,2024 entry,3,4,3,4,3,3,4,2,1,3,2,1,2,1,3,1,3,4,3,2,2,2,1,1,3,2,4,3,2,4,6,6,7,6,7,2,2,1,2,2,3,1,3,4,3,4,6,6,6,1,2,4,76,26,9,15,11,15,32,52,12,15,25
290,0,0,11,3,0,,,,4,4,missing (imputed in analyses),3,4,1,4,4,4,3,4,1,3,4,1,,4,4,4,4,2,2,4,3,1,4,4,4,4,3,2,3,2,4,3,5,3,4,2,3,4,2,4,1,3,2,2,3,3,2,3,5,3,6,7,,27,,20,20,14,19,55,16,13,26
291,1,1,11,3,0,1,1,1,4,3,2024 entry,3,1,4,4,4,4,4,2,2,4,2,1,4,4,3,1,3,4,2,4,4,4,4,1,3,4,4,4,2,3,1,4,3,2,1,6,1,5,4,4,7,5,4,4,5,5,5,5,6,4,6,7,93,26,13,17,20,17,11,83,27,23,33
292,1,0,10,3,0,1,1,1,2,2,2024 entry,4,3,3,1,4,4,4,4,4,4,4,1,4,4,4,4,4,4,4,4,4,4,4,1,3,4,4,4,4,4,7,4,7,7,1,1,5,5,6,1,1,7,6,4,1,1,1,1,4,4,4,4,108,27,17,24,20,20,26,56,19,19,18
293,1,1,10,3,0,1,1,0,3,1,2024 entry,2,1,2,1,3,2,1,1,3,2,4,1,2,1,1,1,1,4,3,2,4,2,3,1,2,1,4,2,4,4,1,1,5,1,1,4,4,4,4,4,4,4,4,4,4,4,4,4,4,4,4,4,65,13,12,11,14,15,9,68,24,20,24
294,0,0,10,3,0,,,,2,2,missing (imputed in analyses),4,4,4,4,4,3,2,3,2,3,2,1,,4,3,4,4,4,3,1,2,3,2,2,1,2,4,3,4,4,1,1,4,2,1,2,2,5,2,2,5,2,2,2,2,2,4,2,4,3,1,3,,28,,22,11,17,9,45,18,10,17
295,1,0,11,3,0,1,1,1,2,2,2024 entry,4,4,4,1,1,4,4,1,4,4,1,4,4,1,1,4,1,4,3,4,4,2,1,1,1,1,4,3,4,3,2,3,2,4,2,5,4,2,4,3,4,1,2,3,4,4,4,4,3,2,3,2,82,23,17,14,13,15,13,54,22,14,18
296,0,1,10,3,0,,,,4,1,missing (imputed in analyses),3,4,4,2,2,4,4,4,3,2,1,3,,3,3,2,3,4,4,2,2,1,2,2,1,4,3,2,3,3,4,6,4,3,3,5,4,4,3,2,3,5,4,4,4,3,3,2,2,2,2,3,,27,,19,10,15,20,55,21,20,14
297,1,0,11,3,0,1,1,0,3,3,2024 entry,1,4,3,4,2,1,4,4,2,3,1,1,4,3,2,3,1,1,3,3,1,4,3,3,2,4,2,1,3,1,5,6,6,5,4,6,1,3,4,2,3,5,4,3,6,4,3,4,5,1,2,7,74,23,11,13,16,11,26,63,19,22,22
298,1,1,10,3,0,1,1,1,3,2,2024 entry,3,3,3,4,4,1,1,4,4,4,4,4,4,4,4,4,4,3,4,4,4,4,4,3,4,3,3,4,4,4,7,4,7,4,1,6,5,4,2,7,5,6,6,5,7,7,7,7,4,5,6,7,107,23,20,23,23,18,23,96,29,31,36
299,1,1,10,3,0,1,1,0,3,2,2024 entry,3,3,3,2,4,4,4,2,2,2,2,3,3,2,3,3,2,3,4,3,3,3,2,2,2,2,2,2,2,3,5,2,2,2,2,5,6,6,4,5,5,6,6,6,4,6,6,4,5,5,5,6,80,25,12,17,15,11,13,90,31,28,31
300,1,1,11,3,0,1,1,0,4,3,2024 entry,4,4,4,2,4,3,4,4,4,3,2,3,1,4,4,3,3,4,4,2,2,3,3,2,1,4,1,4,4,4,4,4,4,4,4,7,3,4,4,5,3,4,3,4,2,1,4,1,1,2,4,3,94,29,13,22,13,17,20,55,26,14,15
301,1,1,10,3,1,1,0,1,2,2,2024 entry,4,4,4,1,4,1,3,2,3,1,1,2,4,4,3,1,4,4,3,2,4,3,4,2,2,2,1,3,4,2,6,5,7,7,4,5,5,6,6,7,5,5,6,5,5,6,5,6,5,5,3,5,82,23,11,19,17,12,29,90,34,27,29
302,0,0,11,3,0,,,,1,1,missing (imputed in analyses),4,4,4,4,4,3,1,1,4,2,1,1,,1,3,4,4,4,1,4,4,4,2,3,1,1,4,1,4,4,4,6,7,7,1,5,2,1,7,1,7,7,7,7,1,7,1,1,1,1,1,1,,25,,17,18,14,25,58,23,29,6
303,1,1,10,3,0,1,1,1,3,2,2024 entry,4,4,4,3,4,4,3,4,4,4,4,4,3,4,4,3,4,4,3,2,3,3,3,3,4,4,4,3,4,1,6,3,3,1,1,7,7,7,5,7,7,7,7,7,1,4,7,7,5,7,7,7,105,30,19,22,18,16,14,106,40,26,40
304,1,0,10,3,0,1,1,1,3,2,2024 entry,3,4,2,2,4,3,3,4,3,3,1,2,1,2,4,2,1,4,3,3,4,1,4,1,3,4,3,2,4,1,4,7,7,1,4,4,7,5,3,4,5,1,1,7,2,7,4,6,5,4,1,4,81,25,10,16,16,14,23,70,28,18,24
305,1,1,10,3,0,1,1,0,3,1,2024 entry,3,2,3,3,3,3,3,2,2,2,2,2,3,2,2,2,2,3,3,2,3,2,2,2,3,3,2,3,2,3,7,6,2,3,2,4,4,4,4,4,,4,4,4,2,3,2,2,2,3,3,3,74,22,11,14,14,13,20,,,17,15
306,0,0,11,3,0,,,,3,3,missing (imputed in analyses),1,1,1,1,1,1,2,2,2,1,2,3,,4,3,1,3,3,2,2,2,3,4,4,1,4,4,4,4,3,7,7,7,7,7,7,7,7,7,7,7,7,4,4,5,5,5,5,4,4,3,3,,10,,16,16,19,35,91,42,25,24
307,0,0,11,3,0,,,,3,1,missing (imputed in analyses),4,3,4,4,4,3,3,3,3,1,3,3,,4,4,4,3,2,4,3,4,4,4,3,3,3,2,3,3,1,3,2,4,7,7,5,4,3,3,1,1,2,1,2,4,5,7,4,4,3,7,7,,28,,21,21,12,23,63,17,14,32
308,1,1,9,3,1,1,0,0,2,2,2024 entry,4,3,4,3,4,4,3,3,3,3,3,2,2,4,2,3,3,3,3,3,2,1,2,2,2,2,3,4,4,2,4,5,5,3,3,5,3,6,4,3,4,3,5,4,5,4,5,3,4,3,3,3,86,28,13,18,12,15,20,67,25,21,21
309,1,1,10,3,0,1,1,0,3,2,2024 entry,4,3,4,3,4,4,3,3,2,2,4,1,4,3,3,3,4,3,4,4,3,3,2,2,1,4,3,4,4,4,3,7,7,6,1,4,4,4,4,3,3,4,4,4,3,4,3,6,6,5,5,2,95,28,13,20,15,19,24,68,22,19,27
310,1,1,10,3,0,1,1,1,4,2,2024 entry,4,3,4,3,4,4,4,4,4,2,4,1,4,4,4,4,4,4,4,4,3,3,3,2,4,4,4,4,2,4,2,3,7,3,1,5,4,4,4,5,4,5,5,5,1,4,5,5,5,5,5,5,106,30,15,24,19,18,16,76,26,20,30
311,0,0,10,3,0,,,,5,4,missing (imputed in analyses),4,4,4,4,1,4,4,4,1,4,1,1,,4,3,4,1,1,4,2,4,4,1,1,4,4,4,4,4,4,1,3,7,7,1,7,7,7,7,7,7,7,7,7,7,7,1,1,7,7,7,7,,29,,17,16,20,19,107,42,35,30
312,1,0,9,3,0,1,1,1,3,3,2024 entry,4,1,4,2,4,4,3,3,1,3,4,2,4,4,3,2,4,4,4,4,4,1,4,1,4,4,4,1,1,4,6,7,7,5,1,2,3,5,4,4,3,5,1,4,1,2,3,7,4,5,4,4,92,25,14,21,18,14,26,61,21,13,27
313,1,1,10,3,0,1,0,1,3,2,2024 entry,3,4,3,4,1,1,4,1,1,2,2,1,1,1,3,4,4,4,4,1,4,4,3,4,1,4,1,2,4,3,4,4,3,2,4,4,4,4,4,4,4,4,4,4,4,4,4,3,4,4,4,4,79,21,7,20,17,14,17,67,24,20,23
314,1,0,11,3,1,1,0,0,3,3,2024 entry,4,4,4,4,4,2,4,4,2,1,2,1,2,4,1,2,3,4,3,2,2,2,2,2,2,3,2,2,1,1,1,2,3,4,4,5,5,5,5,5,5,5,4,5,4,5,4,5,4,4,5,4,76,30,8,17,12,9,14,79,30,23,26
315,1,0,10,3,0,1,1,0,2,2,2024 entry,3,2,1,4,4,3,4,2,4,1,3,2,1,3,3,3,3,2,3,3,3,3,2,2,2,2,3,2,2,3,2,5,4,3,4,2,3,3,6,4,3,3,5,4,3,4,2,1,1,3,5,2,78,23,11,17,15,12,18,54,21,19,14
316,1,1,10,3,0,1,1,0,3,1,2024 entry,2,1,1,1,4,1,2,1,3,4,4,2,4,4,3,1,4,4,4,4,4,4,4,4,1,2,4,1,4,4,7,4,2,1,1,5,7,7,4,2,2,6,7,4,7,4,6,6,4,3,4,7,86,13,17,20,21,15,15,85,27,28,30
317,1,0,10,3,0,1,1,0,2,2,2024 entry,1,1,1,1,4,4,4,1,1,1,1,1,4,1,4,4,1,4,1,4,4,1,2,1,4,4,1,3,4,1,4,1,1,1,1,7,4,4,4,4,3,7,3,2,1,3,4,5,6,4,5,3,69,17,8,15,16,13,8,69,26,16,27
318,1,0,10,3,0,1,1,1,4,4,2024 entry,3,2,2,4,4,4,3,4,2,2,1,1,3,3,2,4,2,2,4,4,4,2,3,3,2,4,4,4,3,2,4,2,4,1,1,5,4,7,5,4,4,4,3,5,1,5,4,5,4,5,4,4,87,26,9,17,18,17,12,73,29,18,26
319,1,1,10,3,0,1,1,1,2,2,2024 entry,1,3,2,3,4,2,1,4,1,4,1,2,3,4,3,1,4,1,4,3,4,2,4,1,3,1,3,4,4,3,5,5,6,6,7,4,4,4,4,4,4,4,4,4,4,4,4,4,4,4,4,4,80,20,11,17,17,15,29,68,24,20,24
320,1,1,10,3,1,1,0,1,3,1,2024 entry,1,3,4,4,3,4,4,4,1,4,2,4,1,4,3,4,2,4,3,1,2,1,4,3,2,4,4,1,4,1,2,6,4,1,3,1,2,3,2,3,6,4,1,1,1,2,3,4,4,4,4,5,86,27,12,20,13,14,16,50,17,9,24
321,1,1,10,3,0,1,1,1,3,2,2024 entry,3,4,3,4,4,1,4,2,4,4,4,4,3,4,2,4,4,3,3,2,4,3,4,3,2,2,1,4,4,1,1,2,5,1,3,7,7,7,7,7,7,7,7,7,6,6,6,6,6,6,5,5,94,25,19,20,18,12,12,109,42,33,34
322,1,1,10,3,0,1,1,0,3,3,2024 entry,3,2,1,4,4,4,4,4,3,2,4,3,4,4,2,4,4,4,2,1,2,3,2,3,3,3,4,2,3,3,3,4,5,4,2,7,4,6,6,6,7,6,7,6,1,4,5,7,7,4,6,5,91,26,16,20,14,15,18,94,36,24,34
323,1,0,10,3,1,1,0,1,1,1,2024 entry,4,1,2,3,3,3,4,1,1,2,4,4,1,4,3,4,1,1,1,1,4,1,4,1,3,1,1,1,1,1,4,5,6,1,6,1,1,4,4,4,4,5,5,5,5,5,4,4,4,5,5,5,66,21,12,14,14,5,22,70,18,25,27
324,1,1,11,3,0,1,1,0,3,3,2024 entry,1,1,1,4,4,1,4,4,4,4,4,1,1,4,4,1,4,4,1,4,4,4,4,1,4,4,4,4,4,4,7,7,7,7,1,7,7,7,7,7,7,7,7,7,1,7,1,7,7,7,7,7,93,20,14,18,21,20,29,107,42,29,36
325,1,0,10,3,0,1,1,1,2,2,2024 entry,1,1,2,3,1,1,2,2,4,4,4,4,3,4,4,4,3,3,4,4,3,3,3,4,4,1,4,2,3,4,4,7,7,6,5,7,2,4,1,3,5,6,7,5,7,5,1,2,4,5,4,4,89,13,19,22,21,14,29,72,22,30,20
326,1,0,10,3,0,0,0,0,2,2,2024 entry,3,4,2,3,3,3,4,4,4,3,2,3,2,2,1,2,3,4,3,2,3,3,2,1,2,2,3,2,3,1,4,3,6,5,7,1,4,4,4,4,4,5,4,4,3,4,7,4,4,4,4,4,79,26,14,15,13,11,25,68,21,20,27
327,1,0,11,3,0,1,1,0,2,2,2024 entry,4,4,4,4,4,4,4,1,4,4,1,1,4,4,1,4,4,4,4,4,4,4,4,3,3,4,4,1,4,2,7,6,7,7,1,5,5,5,1,7,1,7,1,1,1,1,6,1,6,1,1,1,101,29,14,21,22,15,28,51,24,11,16
328,1,0,10,3,0,1,1,1,3,3,2024 entry,4,1,4,4,4,3,2,4,2,3,4,1,1,1,2,4,4,3,4,4,4,4,3,4,3,3,4,1,1,4,6,5,7,3,7,5,2,6,1,1,7,7,5,6,3,5,1,1,7,5,6,2,90,26,11,18,22,13,28,70,22,26,22
329,1,1,10,3,0,1,0,0,3,2,2024 entry,1,4,1,4,1,4,1,4,1,4,1,1,1,4,4,4,1,1,3,3,1,1,1,2,4,3,3,1,4,1,1,7,7,6,7,7,4,4,5,6,4,6,4,5,5,4,7,7,4,6,4,5,69,20,8,17,12,12,28,87,30,24,33
330,1,1,10,3,0,1,1,0,3,2,2024 entry,3,4,4,4,4,4,4,4,4,4,4,4,3,4,1,4,4,4,4,3,4,3,2,2,3,2,3,1,4,4,4,5,7,7,6,7,7,7,6,6,7,7,7,7,7,6,7,7,6,6,7,7,102,31,19,21,17,14,29,114,40,34,40
331,0,1,10,3,0,,,,4,4,missing (imputed in analyses),4,3,2,4,3,3,4,1,1,3,2,2,,3,4,3,4,3,2,3,2,4,4,2,3,4,4,3,3,2,3,5,7,4,6,2,5,7,6,4,4,7,7,4,5,5,5,7,5,4,5,6,,24,,19,18,16,25,88,28,28,32
332,1,1,10,3,0,1,1,1,4,4,2024 entry,4,4,4,3,4,4,2,1,3,3,1,1,1,4,4,4,2,3,2,2,3,2,3,1,1,4,4,4,3,2,1,5,5,1,1,4,1,1,1,1,2,1,1,1,1,3,3,1,1,3,5,5,83,26,9,19,12,17,13,35,10,7,18
333,0,1,10,3,0,,,,4,3,missing (imputed in analyses),4,1,3,3,4,4,4,1,4,4,4,1,,4,1,2,1,4,3,2,1,1,4,1,4,1,2,2,4,4,7,7,6,6,1,7,4,5,6,1,4,1,7,4,7,4,6,2,3,1,7,7,,24,,15,13,13,27,76,27,23,26
334,1,1,11,5,0,0,0,1,3,1,2024 entry,3,2,3,3,3,1,4,2,4,4,4,3,3,4,4,2,3,3,2,3,3,2,2,4,2,2,3,2,3,4,1,1,2,2,3,1,2,3,4,3,2,3,2,1,2,3,1,2,4,5,1,4,87,21,18,18,16,14,9,43,15,11,17
335,0,1,12,5,0,,,,3,2,missing (imputed in analyses),3,3,4,3,4,3,4,1,2,3,2,3,,3,3,4,3,3,2,3,2,2,3,2,2,4,4,3,3,3,3,3,4,6,3,2,2,4,2,5,5,5,5,2,5,5,2,5,2,2,2,5,,25,,18,14,17,19,60,20,22,18
336,1,0,11,5,1,1,0,1,4,4,2024 entry,4,3,4,4,4,4,4,1,1,4,1,4,1,4,1,4,4,4,4,4,4,4,4,4,1,4,4,4,4,4,7,7,7,7,1,4,3,4,3,3,4,3,4,4,3,3,2,2,3,4,3,2,101,28,11,21,21,20,29,54,21,17,16
337,1,1,11,5,0,1,1,1,1,1,2024 entry,4,4,1,3,2,1,4,3,4,1,3,4,1,3,2,4,3,2,1,3,1,2,1,3,4,4,4,4,4,4,1,2,1,4,1,4,2,3,1,2,5,3,4,3,2,4,3,4,2,1,2,1,84,22,13,15,14,20,9,46,17,16,13
338,1,1,11,5,1,1,0,1,2,2,2024 entry,1,1,4,1,1,1,1,1,4,4,4,1,2,4,2,1,2,4,3,4,4,4,1,4,1,4,4,4,1,4,3,7,7,5,4,5,5,5,6,5,7,7,5,4,4,5,5,1,1,5,3,2,77,11,15,16,18,17,26,75,33,25,17
339,1,1,11,5,0,1,1,1,3,3,2024 entry,4,3,4,4,4,2,3,2,4,4,3,3,3,4,4,4,4,4,4,3,3,3,3,3,3,3,3,3,3,2,4,5,5,2,4,4,5,6,4,4,3,6,5,6,5,5,5,4,4,4,4,5,99,26,17,24,18,14,20,79,26,27,26
340,1,0,11,5,1,1,0,1,3,3,2024 entry,4,2,4,1,4,4,4,1,1,1,4,1,4,4,4,2,4,3,1,1,4,4,4,1,1,1,3,3,1,1,5,7,6,1,7,5,5,7,6,1,1,2,6,5,4,7,1,1,5,1,1,1,77,24,11,18,15,9,26,59,25,24,10
341,1,0,12,5,1,1,0,0,4,4,2024 entry,1,4,3,4,4,4,4,1,3,1,1,1,1,4,4,4,1,4,4,4,3,4,4,1,4,4,4,1,4,4,7,5,7,7,1,2,4,4,4,1,1,2,4,1,1,1,1,7,1,1,1,2,90,25,7,21,20,17,27,38,16,9,13
342,1,0,12,5,0,1,1,1,3,2,2024 entry,4,3,4,2,4,1,1,4,2,4,3,4,4,4,1,1,4,4,3,4,2,4,4,3,4,4,3,1,3,1,4,6,5,3,1,1,5,2,6,3,3,1,1,1,1,2,5,1,4,1,7,1,90,23,17,17,21,12,19,45,20,6,19
343,0,1,11,5,0,,,,5,4,missing (imputed in analyses),4,1,4,1,4,4,4,2,1,2,4,1,,4,1,1,4,4,2,2,3,1,2,3,4,2,4,1,3,4,5,3,7,7,1,5,4,2,1,2,3,7,7,6,7,7,4,1,4,4,4,7,,24,,16,15,14,23,75,17,34,24
344,1,1,11,5,0,1,1,1,4,3,2024 entry,4,1,4,1,4,4,4,3,3,1,2,3,3,3,4,1,3,2,4,3,2,1,3,2,2,2,4,2,2,2,2,1,5,4,6,4,4,4,4,4,4,4,4,4,4,4,4,4,4,4,4,4,79,25,12,17,13,12,18,68,24,20,24
345,1,1,13,5,0,1,1,1,3,3,2024 entry,3,2,2,1,4,3,1,2,3,3,2,2,2,4,2,2,3,3,3,3,4,2,2,1,3,1,2,3,1,2,4,5,5,4,7,5,7,7,4,4,5,6,7,7,6,7,7,7,7,4,5,4,71,18,12,17,15,9,25,99,32,33,34
346,0,0,12,5,0,,,,2,2,missing (imputed in analyses),4,4,4,4,4,4,4,4,4,4,4,4,,4,4,4,4,4,4,4,1,4,4,4,2,4,4,4,4,4,5,5,5,5,5,1,5,5,5,5,5,5,5,5,5,5,5,5,5,5,5,5,,32,,24,19,20,25,81,26,25,30
347,1,1,12,5,1,1,0,1,2,2,2024 entry,4,3,4,2,1,3,4,1,2,2,2,2,3,1,3,3,1,4,2,2,1,2,1,2,3,1,3,2,1,4,1,1,4,1,2,1,1,1,2,3,3,4,4,5,5,4,4,4,4,4,4,4,69,22,11,14,11,11,9,57,11,22,24
348,1,0,12,5,1,1,0,1,3,1,2024 entry,4,4,4,1,1,4,4,4,2,3,2,2,2,4,1,3,2,4,3,1,4,2,2,4,4,3,3,3,1,3,7,2,7,1,1,1,1,2,3,2,3,4,3,3,3,5,4,7,7,6,5,6,84,26,11,17,17,13,18,65,12,18,35
349,1,0,12,5,0,0,0,1,2,1,2024 entry,4,1,4,2,4,2,2,2,3,3,1,4,2,2,4,4,4,4,1,2,3,4,2,2,4,2,3,3,2,3,4,1,3,3,5,7,7,7,7,5,4,4,6,2,5,1,3,4,4,5,3,2,83,21,13,19,17,13,16,76,37,18,21
350,0,0,12,5,0,,,,5,3,missing (imputed in analyses),4,1,4,2,4,3,4,3,3,2,1,3,,3,2,4,3,1,3,2,3,3,3,2,3,3,4,2,3,4,4,3,4,3,4,7,7,7,7,7,5,6,5,5,5,7,5,5,6,6,5,6,,25,,16,16,16,18,101,40,28,33
351,0,0,11,5,0,,,,1,1,missing (imputed in analyses),4,4,4,4,4,4,4,2,4,4,4,4,,1,4,4,4,4,4,4,1,4,4,4,4,1,4,4,3,4,1,4,2,4,6,4,4,3,3,5,4,4,4,5,4,4,5,3,4,6,5,6,,30,,21,21,16,17,73,23,21,29
352,1,1,12,5,0,1,1,1,3,2,2024 entry,3,3,4,4,3,4,3,3,1,2,2,2,2,3,1,1,2,2,2,2,1,2,1,2,2,3,2,2,4,2,2,3,1,2,4,5,4,7,3,3,1,1,3,2,3,2,2,3,4,4,3,4,70,27,9,11,10,13,12,54,23,11,20
353,1,0,12,5,0,1,1,1,4,4,2024 entry,3,3,3,2,4,4,3,4,2,3,3,3,2,4,4,3,4,4,3,2,3,2,3,3,2,3,4,3,4,3,3,3,2,2,3,5,5,5,5,5,5,5,5,6,6,5,5,5,5,5,5,5,93,26,13,22,15,17,13,87,30,27,30
354,1,0,11,5,0,1,1,1,4,3,2024 entry,3,4,3,3,3,4,3,4,2,2,2,1,1,3,3,4,3,4,4,2,2,2,1,1,2,4,3,3,4,3,1,3,2,1,2,2,3,1,1,1,2,2,3,5,4,4,3,2,2,3,2,3,83,27,8,21,10,17,9,43,10,18,15
355,0,0,12,5,0,,,,3,3,missing (imputed in analyses),4,4,4,4,4,4,4,4,2,2,2,2,,3,4,4,3,4,4,4,4,2,2,2,3,3,4,3,3,3,4,5,7,4,4,4,4,3,1,2,2,2,2,4,4,4,4,4,4,4,4,4,,32,,22,17,16,24,56,16,16,24
356,1,0,12,5,1,1,0,1,3,3,2024 entry,3,1,4,1,1,2,3,1,3,2,4,1,4,4,2,3,3,3,2,4,4,3,4,2,1,1,4,4,4,3,1,4,1,1,1,5,7,1,6,6,6,,7,7,1,4,1,7,6,6,7,7,81,16,14,17,18,16,8,,31,,34
357,0,1,10,3,0,,,,3,3,missing (imputed in analyses),2,3,3,1,4,3,4,3,4,3,4,3,,3,4,3,3,4,3,4,3,4,4,1,3,2,4,2,3,3,5,6,7,7,5,6,6,5,5,5,6,6,2,6,6,6,6,7,6,6,5,6,,23,,20,19,14,30,95,33,26,36
358,0,1,11,5,0,,,,1,1,missing (imputed in analyses),4,4,2,1,3,3,4,4,3,1,4,3,,4,3,4,4,4,2,3,4,4,4,3,4,2,4,4,4,4,5,4,6,6,7,2,7,7,5,5,5,6,7,7,7,7,7,7,6,7,6,7,,25,,21,22,18,28,105,31,34,40
359,1,0,12,5,0,1,1,1,3,3,2024 entry,4,4,4,3,4,4,2,2,4,3,1,3,2,4,1,4,4,3,4,1,4,3,4,1,4,4,1,4,4,2,4,5,5,5,7,4,4,4,4,4,5,5,7,6,5,5,5,6,6,5,5,6,92,27,13,20,17,15,26,86,25,28,33
360,1,0,12,5,0,1,1,1,3,3,2024 entry,4,4,4,3,4,4,2,4,3,3,4,4,4,4,1,4,4,3,4,1,2,3,4,1,4,4,1,4,4,2,4,5,5,5,7,4,4,4,4,4,5,5,7,6,5,5,5,6,4,6,5,6,97,29,18,20,15,15,26,85,25,28,32
361,1,0,12,6,1,1,0,1,3,3,2024 entry,2,1,1,1,1,4,1,2,3,3,1,1,3,1,2,4,2,3,4,2,4,4,1,1,4,2,1,1,4,4,2,4,6,2,7,3,4,4,5,5,6,6,4,4,4,3,4,4,4,1,4,4,68,13,11,16,16,12,21,69,27,21,21
362,1,1,13,6,0,1,1,1,4,3,2024 entry,4,4,2,4,3,4,4,3,3,4,3,4,4,4,4,4,4,4,4,4,4,4,3,3,2,4,4,4,4,4,5,5,4,5,1,5,6,7,6,6,6,6,6,6,4,6,6,6,6,6,6,6,110,28,18,24,20,20,20,100,36,28,36
363,1,1,12,6,0,1,1,1,3,2,2024 entry,1,1,1,1,4,4,4,4,3,3,1,1,3,4,1,4,2,4,2,1,4,1,3,1,1,4,2,2,4,4,1,1,1,1,1,5,5,5,6,6,5,6,5,4,4,4,5,5,4,4,4,4,75,20,11,17,11,16,5,81,32,23,26
364,0,1,13,6,0,,,,4,3,missing (imputed in analyses),4,4,4,4,2,4,4,4,2,4,4,3,,4,4,4,4,4,4,4,4,4,4,4,4,3,4,3,4,4,5,3,7,3,1,5,4,7,1,6,5,6,6,6,6,6,5,7,6,7,6,7,,30,,24,24,18,19,96,28,30,38
365,1,1,13,6,0,1,1,1,3,1,2024 entry,4,4,4,4,4,4,4,4,4,4,4,3,4,4,4,4,4,4,2,4,4,4,3,1,4,4,2,4,3,1,4,4,5,1,1,7,7,7,6,6,7,7,7,7,7,7,7,7,7,7,7,7,107,32,19,22,20,14,15,117,40,35,42
366,0,0,13,6,0,,,,3,1,missing (imputed in analyses),4,4,4,4,4,4,4,4,3,3,3,3,,4,4,2,3,4,3,2,2,1,2,2,2,3,3,4,3,4,5,4,4,4,4,3,3,3,3,3,3,3,3,4,4,4,4,4,4,4,4,4,,32,,20,11,17,21,60,18,18,24
367,1,0,13,6,0,0,0,1,4,1,2024 entry,3,2,3,1,1,1,3,1,2,4,1,2,1,2,1,2,4,1,3,3,1,1,1,1,2,3,1,1,4,4,1,2,3,1,3,2,3,1,5,2,4,4,4,4,4,4,4,4,4,4,4,4,60,15,10,13,9,13,10,61,17,20,24
368,1,1,12,6,0,1,1,1,3,2,2024 entry,4,4,4,4,4,2,1,1,2,2,1,4,1,4,4,4,4,4,4,4,4,4,4,4,3,2,2,3,4,2,4,3,4,3,1,4,4,4,2,1,2,2,2,4,4,4,4,4,4,4,4,4,94,24,10,24,23,13,15,57,17,16,24
369,1,1,13,6,0,1,1,1,3,1,2024 entry,4,4,4,2,3,3,4,4,2,4,1,3,2,1,3,4,4,4,3,3,2,1,1,1,1,3,4,3,4,3,7,4,7,1,1,3,5,4,1,1,1,1,3,4,4,4,1,2,7,1,5,4,85,28,12,19,9,17,20,51,15,16,20
370,0,1,12,6,0,,,,5,4,missing (imputed in analyses),2,4,4,4,4,4,4,4,4,4,4,4,,4,4,4,4,4,4,4,4,4,4,4,1,4,4,4,1,4,6,6,6,6,6,6,6,6,6,6,6,6,6,6,6,6,6,6,6,6,6,6,,30,,24,21,17,30,102,36,30,36
371,0,1,13,6,0,,,,5,4,missing (imputed in analyses),2,2,1,2,2,2,3,2,2,2,2,3,,2,3,3,2,2,3,3,3,3,3,3,2,2,3,1,2,2,4,5,4,5,4,2,2,6,6,5,5,5,5,4,5,3,5,5,3,5,5,3,,16,,15,17,10,22,74,26,22,26
372,0,0,12,6,0,,,,4,4,missing (imputed in analyses),2,3,3,3,3,3,3,3,3,2,3,2,,3,3,3,3,3,3,4,4,4,4,3,3,3,4,4,4,4,2,4,7,7,1,5,5,6,5,6,5,6,6,6,1,6,4,6,5,6,6,6,,23,,18,22,19,21,90,32,25,33
373,1,0,13,6,0,0,1,0,2,2,2024 entry,2,4,1,2,1,2,3,1,2,1,3,2,4,3,3,4,4,3,2,3,4,3,3,3,2,1,1,2,2,1,2,4,5,1,1,2,2,5,1,1,3,5,5,5,5,4,2,1,1,1,1,1,72,16,12,19,18,7,13,45,14,24,7
374,1,1,13,6,0,1,1,1,4,4,2024 entry,2,3,4,3,3,4,3,2,3,3,3,1,3,4,4,3,3,4,4,2,3,3,1,2,2,3,3,2,4,4,5,6,6,4,6,1,1,4,5,1,3,6,6,1,2,4,1,6,1,1,4,6,88,24,13,22,13,16,27,53,15,19,19
375,1,0,12,6,0,1,1,1,4,4,2024 entry,4,4,4,4,4,4,4,3,4,4,4,1,4,4,3,4,4,4,4,4,1,4,4,4,4,4,4,4,4,4,6,6,7,4,4,5,6,7,6,5,5,1,5,6,1,7,5,1,6,6,6,6,112,31,17,23,21,20,27,84,34,20,30
376,1,1,12,6,0,1,1,1,3,2,2024 entry,4,3,4,3,2,4,4,4,1,1,4,3,4,4,3,4,4,4,4,3,4,3,3,4,3,3,3,4,4,4,5,4,7,7,7,4,5,5,5,4,4,5,4,4,4,5,5,7,6,5,5,6,102,28,13,23,20,18,30,83,27,22,34
377,1,1,13,6,0,0,0,1,3,2,2024 entry,4,3,2,1,4,2,3,2,2,4,2,3,2,4,4,1,3,3,2,3,4,4,2,3,4,3,4,3,1,2,5,2,4,1,6,4,4,4,4,4,4,4,4,4,4,4,4,4,4,4,4,4,84,21,13,17,20,13,18,68,24,20,24
378,1,1,13,6,0,1,1,1,3,1,2024 entry,4,4,4,4,4,4,4,2,4,3,4,3,4,4,4,4,4,4,4,3,4,4,3,3,3,3,4,1,1,4,4,5,6,1,1,4,5,6,1,1,4,4,4,5,7,7,4,4,1,1,1,1,105,30,18,24,20,13,17,60,21,27,12
379,1,0,12,6,0,1,1,1,4,4,2024 entry,4,3,3,1,3,3,4,4,1,2,3,2,3,2,4,3,4,4,4,1,3,3,3,3,3,2,4,3,3,4,4,3,5,2,3,2,2,5,2,2,2,2,2,2,6,2,2,7,2,2,2,2,89,25,11,21,16,16,17,46,15,14,17
380,0,0,12,6,0,,,,2,2,missing (imputed in analyses),4,4,4,4,4,4,3,4,2,2,2,2,,4,4,2,4,3,2,2,1,2,3,3,2,3,3,2,3,4,5,5,5,4,1,5,5,5,5,4,3,4,5,2,3,4,4,5,4,4,4,4,,31,,19,13,15,20,70,27,18,25
381,1,0,12,6,1,1,1,1,3,3,2024 entry,4,4,4,2,4,4,4,4,4,4,4,3,3,4,4,4,4,4,2,4,4,3,4,3,3,4,2,2,3,2,6,7,7,5,5,4,4,6,5,5,6,4,4,4,5,5,5,4,5,4,4,6,104,30,18,22,21,13,30,80,30,22,28
382,0,0,12,6,0,,,,5,4,missing (imputed in analyses),3,1,1,1,2,3,3,2,2,3,2,2,,1,3,2,3,2,3,2,1,2,1,1,2,3,1,2,1,3,7,6,6,5,5,4,4,4,4,4,4,4,4,4,4,4,4,4,4,4,4,4,,16,,14,9,10,29,68,24,20,24
383,0,1,12,6,0,,,,4,4,missing (imputed in analyses),4,4,4,4,4,4,4,4,3,4,4,3,,4,4,4,4,4,4,4,3,3,4,1,4,3,4,3,3,4,7,6,7,5,7,5,5,7,2,6,6,7,7,6,6,7,6,7,6,6,6,7,,32,,24,19,17,32,102,31,33,38
384,1,1,13,6,0,1,1,1,3,2,2024 entry,4,4,4,4,4,4,4,3,2,3,4,3,3,4,2,4,4,4,4,3,4,4,3,3,2,3,4,3,4,4,4,5,6,4,4,6,6,7,4,4,4,4,4,4,5,5,6,7,7,4,4,5,105,31,15,22,19,18,23,86,31,22,33
385,1,1,12,6,0,1,1,1,3,1,2024 entry,1,1,1,1,1,4,4,4,1,4,4,4,4,1,1,1,1,1,1,4,4,1,4,4,4,1,1,1,1,1,4,4,4,4,4,6,4,4,4,4,4,4,4,4,4,4,4,4,4,4,4,4,66,17,17,6,21,5,20,70,26,20,24
386,1,1,13,6,0,1,1,1,3,3,2024 entry,1,1,1,1,1,1,3,1,2,2,1,1,1,3,3,3,3,3,2,2,2,2,2,2,2,2,3,3,3,2,3,4,3,3,4,1,2,4,4,4,4,4,4,4,4,4,4,4,4,4,4,4,59,10,7,17,12,13,17,63,19,20,24
387,0,1,12,6,0,,,,5,2,missing (imputed in analyses),4,3,4,4,4,4,4,3,2,3,4,2,,2,4,4,4,4,4,3,3,2,1,1,1,4,3,4,4,3,5,5,6,3,6,4,4,6,1,5,5,5,5,5,4,6,5,5,4,4,4,5,,30,,22,11,18,25,77,25,25,27
388,1,1,11,6,0,1,1,1,3,1,2024 entry,4,4,4,3,4,4,3,2,2,1,3,2,4,4,3,4,4,4,4,4,4,3,3,4,4,3,2,3,3,4,6,4,7,7,1,7,7,7,6,7,7,7,7,7,5,7,7,7,7,7,7,7,100,28,12,23,22,15,25,116,41,33,42
389,1,0,13,6,0,1,1,1,3,3,2024 entry,3,2,3,2,4,4,2,3,2,2,2,2,2,3,3,3,3,3,3,2,2,2,2,2,2,3,3,3,3,3,4,3,5,6,5,1,4,3,4,2,2,4,3,3,1,2,2,2,1,3,2,1,78,23,10,18,12,15,23,40,16,13,11
390,0,0,12,6,0,,,,3,2,missing (imputed in analyses),4,4,4,4,2,4,4,4,1,1,1,1,,4,4,4,4,4,4,1,1,1,3,1,3,4,2,4,3,4,5,6,6,6,1,4,5,5,5,5,5,5,4,5,5,3,4,5,5,4,5,5,,30,,24,10,17,24,79,29,22,28
391,0,1,12,6,0,,,,5,2,missing (imputed in analyses),3,3,4,4,4,4,4,4,2,4,4,4,,4,4,4,4,4,4,4,4,4,4,2,3,1,4,3,4,4,5,6,7,5,1,2,5,4,5,4,4,4,6,4,5,7,6,4,4,4,4,4,,30,,24,21,16,24,76,24,26,26
392,1,1,12,6,0,1,1,1,4,2,2024 entry,3,3,3,2,2,3,3,2,2,3,3,3,3,3,3,3,4,4,4,4,3,3,3,2,2,2,3,3,2,3,5,6,6,2,3,5,4,6,6,5,6,5,6,6,6,6,5,6,5,6,5,6,86,21,14,21,17,13,22,94,32,29,33
393,1,1,13,6,0,1,1,1,3,1,2024 entry,4,4,3,4,4,4,4,4,3,4,3,3,3,3,2,3,3,3,3,3,2,3,3,3,3,3,3,3,3,3,4,3,6,5,5,4,4,3,5,4,3,5,5,4,4,2,2,4,5,4,3,5,96,31,16,17,17,15,23,66,23,20,23
394,1,1,12,6,0,1,1,1,3,3,2024 entry,4,4,4,4,4,4,4,4,4,4,4,4,4,4,4,4,4,4,4,4,1,4,4,4,4,4,4,4,4,4,7,7,7,7,7,7,7,7,1,1,1,1,1,1,1,1,1,1,1,1,1,1,117,32,20,24,21,20,35,35,24,5,6
395,1,1,12,6,1,1,0,1,2,1,2024 entry,3,3,2,3,2,4,4,4,3,4,3,3,4,4,3,4,4,4,3,4,4,4,3,3,3,4,4,4,4,3,4,3,4,2,7,2,3,4,4,4,4,4,4,4,4,5,5,5,4,4,5,5,104,25,17,22,21,19,20,70,21,21,28
396,1,1,13,6,0,1,1,1,3,3,2024 entry,3,4,3,3,3,2,3,1,2,3,1,4,4,4,2,4,4,4,4,3,4,4,3,3,2,4,2,4,4,4,2,5,5,3,1,3,4,4,5,5,4,4,3,3,3,3,2,2,3,3,3,3,95,22,14,22,19,18,16,57,25,16,16
397,1,0,12,6,0,1,1,1,3,3,2024 entry,3,3,4,3,4,4,3,4,1,2,1,1,2,3,4,3,4,3,4,2,2,2,1,1,1,3,4,3,4,3,2,6,7,5,1,5,3,3,2,2,1,1,2,1,2,2,1,2,1,2,1,3,82,28,7,21,9,17,21,34,16,8,10
398,1,1,13,6,0,1,1,1,3,1,2024 entry,1,2,1,2,2,4,3,3,3,3,2,3,2,4,4,4,1,4,4,4,4,4,4,1,3,3,4,4,4,4,5,4,6,3,2,3,5,6,5,4,5,4,5,5,6,7,5,4,5,4,4,5,91,18,13,21,20,19,20,82,28,27,27
399,1,0,13,6,0,1,1,1,4,4,2024 entry,3,2,2,2,3,2,1,3,2,3,3,2,2,3,2,2,2,3,3,3,3,2,3,2,3,3,3,3,3,2,3,3,5,3,2,5,4,4,4,4,4,4,4,4,3,3,3,5,4,4,3,3,75,18,12,15,16,14,16,65,25,18,22
400,1,0,13,6,0,1,1,1,4,4,2024 entry,4,4,4,4,3,4,4,4,2,4,4,4,1,4,4,4,4,4,4,4,4,1,4,4,1,1,4,1,3,4,1,6,7,1,1,7,1,1,1,7,1,7,1,7,1,7,1,1,1,7,7,7,101,31,15,24,18,13,16,65,18,23,24
401,1,1,13,6,0,0,0,1,5,3,2024 entry,4,2,3,2,3,4,3,1,4,4,3,3,3,4,4,4,4,4,2,4,3,4,2,3,2,4,4,2,3,3,5,6,6,5,1,5,7,7,2,2,4,6,7,6,5,6,5,6,5,2,3,4,95,22,17,22,18,16,23,82,27,30,25
402,1,0,12,6,0,0,0,1,2,1,2024 entry,3,3,3,2,3,3,3,3,3,2,3,3,3,4,3,3,3,3,3,3,4,2,3,2,2,3,4,3,3,3,3,4,3,3,1,2,5,4,3,4,4,4,5,5,3,4,2,4,5,3,4,2,88,23,14,19,16,16,14,63,22,21,20
403,0,1,12,6,0,,,,4,2,missing (imputed in analyses),3,2,4,2,4,4,2,1,4,4,3,4,,4,1,4,2,4,2,2,4,3,3,3,3,1,2,1,2,1,4,7,7,6,1,4,6,6,4,4,4,4,4,6,1,6,3,7,4,4,4,4,,22,,17,18,7,25,75,28,21,26
404,1,1,13,6,0,1,1,1,2,2,2024 entry,3,4,4,3,4,4,4,4,2,3,3,3,3,4,2,4,4,4,4,3,4,3,3,3,3,1,4,1,3,3,5,4,5,4,1,5,6,7,4,4,6,7,7,6,7,7,6,6,6,5,6,5,97,30,14,22,19,12,19,100,32,34,34
405,1,0,13,6,0,1,1,1,3,1,2024 entry,4,3,2,4,4,3,4,1,2,2,3,1,1,4,1,1,3,4,1,4,3,3,3,4,3,1,1,1,1,1,2,5,5,1,1,1,2,1,1,1,2,1,1,2,4,2,1,5,1,1,2,1,73,25,9,14,20,5,14,29,8,10,11
406,1,1,13,6,0,1,1,1,5,1,2024 entry,2,2,3,3,1,2,4,1,4,4,2,3,1,4,4,4,4,4,4,4,3,4,2,2,4,2,4,4,2,2,6,6,3,7,2,6,7,7,3,3,4,6,6,4,7,5,5,4,2,2,2,4,89,18,14,24,19,14,24,77,30,28,19
407,1,1,12,6,1,1,1,1,2,1,2024 entry,4,4,4,4,4,4,4,4,4,4,3,3,3,4,3,4,4,4,3,2,4,3,2,3,3,4,4,4,3,4,6,6,6,6,6,5,6,5,5,4,4,5,5,6,6,6,7,7,7,4,5,7,107,32,17,22,17,19,30,94,29,28,37
408,0,0,12,6,0,,,,2,2,missing (imputed in analyses),4,3,4,4,4,4,2,3,3,3,3,2,,4,2,4,4,4,4,2,4,3,3,2,2,3,4,3,4,4,5,6,6,6,4,3,6,5,2,4,5,6,7,5,4,6,1,5,4,4,5,6,,28,,22,16,18,27,78,25,28,25
409,1,1,12,6,0,1,0,1,4,1,2024 entry,2,1,3,4,3,3,2,2,3,3,2,2,4,4,2,4,4,4,3,3,4,4,3,3,2,3,3,2,2,3,4,3,4,3,4,4,5,5,3,2,4,3,4,4,5,4,6,7,5,4,4,4,87,20,14,21,19,13,18,73,23,20,30
410,1,0,13,6,0,1,1,1,4,2,2024 entry,4,2,2,2,2,4,2,4,3,3,3,1,4,4,1,1,3,3,3,2,3,4,2,3,2,3,3,3,4,4,5,7,1,1,1,5,6,7,1,2,4,7,7,7,1,4,1,7,5,3,4,5,84,22,14,15,16,17,15,76,25,26,25
411,1,1,12,6,0,1,1,1,4,2,2024 entry,2,3,2,3,3,2,3,3,2,2,4,3,4,3,2,3,3,4,3,4,2,4,2,3,3,2,3,3,2,1,3,7,3,2,1,5,5,6,4,4,5,7,5,4,7,6,4,5,6,6,5,7,83,21,15,18,18,11,16,91,29,29,33
412,0,1,13,6,0,,,,3,1,missing (imputed in analyses),3,4,3,2,3,4,1,2,1,1,1,2,,4,4,3,4,3,4,1,2,2,2,1,2,3,3,3,3,3,1,3,2,1,4,2,4,5,3,1,5,2,3,4,4,2,2,4,3,2,2,2,,22,,22,10,15,11,50,20,15,15
413,1,0,13,6,1,0,0,1,2,1,2024 entry,4,4,4,4,4,4,4,4,3,1,1,1,1,4,1,4,2,2,4,3,2,1,1,1,1,4,4,4,2,2,4,4,4,4,4,1,4,4,4,4,4,4,4,4,4,4,4,4,4,4,4,4,81,32,7,17,9,16,20,65,21,20,24
414,1,1,12,6,0,0,0,1,5,3,2024 entry,4,4,4,4,4,4,4,4,3,3,3,2,1,4,4,4,4,4,4,3,4,4,3,3,2,1,4,3,4,4,4,3,6,5,4,2,5,6,5,3,5,2,5,5,4,2,1,1,1,1,1,2,103,32,12,24,19,16,22,51,26,18,7
415,1,1,12,6,0,1,1,1,2,1,2024 entry,2,2,2,2,2,2,3,2,2,2,3,3,3,3,2,3,2,3,3,3,3,3,3,2,2,3,3,3,2,3,3,3,3,2,1,5,5,5,4,4,4,5,5,5,2,4,2,5,4,2,2,4,76,17,13,16,16,14,12,67,27,21,19
416,1,0,12,6,0,1,1,1,3,1,2024 entry,4,4,4,4,4,4,4,4,1,1,1,3,2,4,4,4,4,4,4,2,2,1,1,2,2,3,3,3,4,3,2,4,4,3,1,4,5,4,4,3,4,4,5,4,4,1,4,4,4,4,3,4,90,32,8,24,10,16,14,65,24,18,23
417,1,1,13,6,0,1,1,1,2,1,2024 entry,2,3,2,3,4,4,4,4,1,1,1,2,2,4,4,4,4,4,4,4,4,4,3,4,2,1,4,4,4,4,4,5,7,7,7,3,5,4,2,2,1,1,1,3,1,2,1,1,3,4,4,5,95,26,7,24,21,17,30,43,17,8,18
418,1,0,12,6,0,1,1,1,4,4,2024 entry,2,3,4,2,1,4,2,2,3,3,3,3,2,3,2,4,4,4,4,1,1,3,3,2,2,3,2,2,3,3,2,3,4,6,1,3,4,4,4,5,5,2,3,1,2,4,4,4,1,1,1,1,80,20,14,21,12,13,16,49,25,12,12
419,1,1,12,6,0,1,1,1,2,2,2024 entry,2,1,2,3,2,4,3,3,1,4,4,4,4,2,1,4,4,4,3,4,4,4,4,3,2,1,4,1,1,3,4,3,2,1,1,5,4,6,4,7,5,5,7,6,4,7,7,7,6,7,6,4,86,20,17,18,21,10,11,97,31,29,37
420,1,1,12,6,0,1,1,1,2,2,2024 entry,1,1,1,1,1,1,4,3,4,1,4,1,1,4,1,3,3,4,4,4,4,2,4,1,2,3,4,3,2,3,5,4,4,1,6,1,1,1,1,1,1,1,1,1,1,2,7,7,4,1,1,1,75,13,11,19,17,15,20,33,6,6,21
421,0,0,12,6,0,,,,3,1,missing (imputed in analyses),4,4,4,3,3,3,4,3,4,4,4,4,,4,1,1,4,1,4,4,4,4,3,3,3,1,4,3,3,4,4,5,7,1,3,1,3,4,1,4,5,6,2,3,1,1,1,2,1,1,1,2,,28,,15,21,15,20,39,18,13,8
422,1,1,12,6,0,1,1,1,3,1,2024 entry,3,2,3,3,4,2,4,2,3,3,4,2,3,4,4,4,4,3,3,4,4,4,3,3,2,4,4,2,3,3,3,4,5,4,6,5,5,6,6,5,5,7,6,5,5,7,7,5,7,6,5,5,96,23,15,22,20,16,22,97,32,30,35
423,1,0,12,6,0,1,1,1,2,2,2024 entry,4,4,4,4,4,4,4,1,3,4,4,3,4,4,2,4,4,4,2,4,4,3,3,3,3,4,4,3,3,1,1,5,4,3,1,1,7,4,5,1,7,4,4,4,6,6,7,7,7,1,6,7,102,29,18,20,20,15,14,84,25,24,35
424,1,1,13,6,0,0,0,1,2,2,2024 entry,4,3,3,1,2,4,4,3,2,2,4,1,2,4,4,4,2,4,2,2,4,1,4,2,2,1,1,2,3,3,4,1,3,2,1,5,4,4,5,4,3,4,4,5,3,4,5,4,4,4,4,3,80,24,11,20,15,10,11,69,25,20,24
425,1,1,9,3,0,1,1,0,3,2,missing (imputed in analyses),4,3,4,4,4,4,4,4,1,1,1,1,,4,4,3,4,3,4,1,1,1,2,1,1,4,4,4,4,4,2,3,2,4,2,5,1,5,1,1,1,5,1,5,1,1,1,5,2,1,1,5,,31,,22,7,20,13,42,14,13,15
426,1,1,9,3,0,1,1,1,3,3,missing (imputed in analyses),4,1,4,1,4,4,1,1,1,1,,1,,4,4,3,4,4,4,1,1,4,1,3,1,1,1,1,4,4,7,2,7,1,1,1,4,4,1,1,1,4,1,5,1,7,1,7,4,4,3,2,,20,,23,11,11,18,51,12,18,21
427,1,0,8,3,0,1,1,0,2,2,missing (imputed in analyses),2,3,3,2,4,3,3,4,3,3,4,4,,4,4,3,4,2,4,4,2,1,4,1,2,3,4,3,2,3,3,3,3,6,3,3,6,2,1,5,5,5,3,5,3,3,5,5,3,3,4,5,,24,,21,14,15,18,66,22,19,25
428,1,0,9,3,0,1,1,1,4,3,missing (imputed in analyses),3,3,4,3,3,4,4,2,3,2,2,3,,4,4,3,2,3,1,3,2,3,2,2,3,3,3,3,3,3,4,5,5,3,1,5,6,6,4,3,5,5,6,6,4,5,6,6,4,6,5,6,,26,,17,15,15,18,88,29,26,33
429,1,0,9,3,0,1,1,1,4,4,missing (imputed in analyses),2,1,1,2,2,1,2,1,4,4,1,4,,1,4,3,2,3,1,1,2,2,2,3,2,1,1,2,3,4,1,1,3,7,4,1,7,3,2,1,2,7,3,1,4,1,1,1,1,1,7,1,,12,,14,12,11,16,44,16,16,12
430,1,1,9,3,1,1,0,1,2,2,missing (imputed in analyses),3,2,3,3,2,4,1,4,4,4,4,1,,4,4,3,4,4,4,4,4,4,4,3,4,4,3,3,3,2,4,1,2,6,4,1,7,1,3,2,1,4,4,5,4,1,3,1,1,2,4,6,,22,,23,23,15,17,50,15,18,17
431,1,0,8,3,0,0,0,0,2,1,missing (imputed in analyses),4,4,4,4,3,4,4,1,3,4,2,4,,4,4,4,4,4,4,4,4,4,3,1,3,2,4,3,4,4,7,3,7,7,5,7,7,7,7,7,7,7,7,7,5,1,1,1,7,4,4,2,,28,,24,19,17,29,88,42,27,19
432,1,1,9,3,1,1,0,1,5,4,missing (imputed in analyses),1,1,1,1,1,1,1,1,1,4,4,4,,4,4,1,2,1,1,4,4,4,4,4,4,1,1,1,2,2,5,7,7,7,6,5,5,5,7,4,5,7,7,7,5,2,1,7,7,1,7,7,,8,,13,24,7,32,89,31,28,30
433,1,1,10,3,0,1,1,1,3,2,missing (imputed in analyses),4,4,4,2,4,4,4,4,3,3,3,4,,4,4,4,3,4,4,4,1,3,4,2,3,4,4,4,4,4,3,4,7,3,7,6,2,5,5,5,5,4,5,5,5,4,5,5,4,4,4,5,,30,,23,17,20,24,78,28,23,27
434,1,0,9,3,0,1,1,1,5,4,missing (imputed in analyses),4,1,4,4,4,3,4,4,1,4,1,1,,4,4,4,4,4,4,4,4,4,2,4,3,1,4,3,4,4,2,6,1,1,1,1,5,7,3,2,7,6,4,5,6,7,5,4,4,3,2,2,,28,,24,21,16,11,73,25,28,20
435,1,1,9,3,0,1,1,0,4,3,missing (imputed in analyses),4,4,4,4,4,4,4,4,1,4,3,4,,4,4,4,4,4,4,1,4,4,4,4,3,4,4,4,4,4,7,7,7,6,4,7,7,7,7,7,7,7,6,7,5,7,5,6,5,4,5,7,,32,,24,20,20,31,106,42,32,32
436,1,1,8,3,0,1,1,0,4,2,missing (imputed in analyses),4,4,4,4,4,4,4,3,1,2,4,3,,4,1,4,4,4,4,1,1,4,4,4,1,4,4,4,4,4,7,5,7,7,7,1,2,4,4,4,4,6,6,4,1,4,4,1,5,5,4,4,,31,,21,15,20,33,63,19,21,23
437,1,1,9,3,0,1,1,1,4,1,missing (imputed in analyses),4,4,4,4,4,4,4,4,1,4,4,4,,4,4,4,4,4,3,4,4,4,4,4,4,4,4,4,4,4,7,7,7,7,1,4,7,7,7,4,6,7,6,4,2,6,1,1,4,4,6,7,,32,,23,24,20,29,83,35,25,23
438,1,1,9,3,0,1,1,1,3,1,missing (imputed in analyses),4,4,4,4,4,4,4,4,1,4,4,4,,4,4,4,4,4,4,4,4,4,4,4,4,4,4,4,4,4,7,5,7,7,1,7,7,1,7,7,6,7,7,7,7,7,7,7,6,7,6,6,,32,,24,24,20,27,109,35,35,39
439,1,0,9,3,0,1,1,1,4,4,missing (imputed in analyses),4,4,4,4,4,4,4,4,1,1,4,4,,1,4,4,4,4,4,1,4,4,4,4,4,1,4,4,4,4,7,7,7,7,2,7,7,7,7,7,7,7,7,7,7,7,7,7,7,7,7,7,,32,,21,21,17,30,119,42,35,42
440,1,1,10,3,0,1,1,1,3,3,missing (imputed in analyses),4,4,4,4,4,4,4,4,1,1,2,4,,1,4,4,4,4,4,1,4,4,4,4,4,1,4,4,4,4,7,5,7,7,7,1,1,7,2,1,1,1,4,1,2,1,1,1,1,7,1,2,,32,,21,21,17,33,35,13,9,13
441,1,0,9,3,0,1,1,1,3,2,missing (imputed in analyses),4,4,4,4,4,4,4,4,1,4,4,4,,1,4,4,4,4,4,1,4,4,4,4,4,1,4,4,4,4,7,7,7,7,1,5,4,7,1,1,4,7,5,4,3,7,2,4,7,4,3,2,,32,,21,21,17,29,70,22,26,22
442,1,1,9,3,0,1,1,0,3,2,missing (imputed in analyses),4,4,4,4,4,4,4,4,1,1,4,4,,1,4,4,4,4,4,1,4,4,4,4,4,4,4,4,4,4,7,7,7,7,1,7,1,7,1,7,7,7,7,7,7,7,1,1,7,1,7,7,,32,,21,21,20,29,89,30,35,24
443,1,0,9,3,0,1,1,0,4,3,missing (imputed in analyses),4,4,4,4,4,4,4,1,1,,,,,4,4,4,4,4,4,4,4,4,4,4,4,4,4,4,4,4,7,5,7,7,2,1,2,7,1,7,5,7,4,1,7,6,6,6,1,6,5,5,,29,,24,24,20,28,77,23,25,29
444,1,1,8,3,0,1,1,1,3,2,missing (imputed in analyses),4,4,4,4,4,4,4,4,1,4,4,3,,4,4,4,4,4,4,1,4,4,4,4,1,4,4,4,4,4,7,7,7,5,4,5,5,7,4,5,4,5,7,7,7,5,4,3,4,1,3,7,,32,,24,18,20,30,83,30,31,22
445,1,0,10,3,0,1,1,1,4,3,missing (imputed in analyses),4,4,4,4,4,4,4,4,1,2,4,4,,1,4,4,4,4,4,2,4,4,4,4,4,4,4,4,4,3,6,6,6,3,2,1,5,7,6,1,4,2,2,5,2,5,2,1,5,2,2,1,,32,,21,22,19,23,53,24,16,13
446,1,1,9,3,1,1,0,1,3,3,missing (imputed in analyses),4,4,4,4,4,4,4,4,1,4,4,4,,4,4,4,4,4,4,1,1,4,4,4,4,3,4,4,4,4,6,5,6,6,2,1,2,4,3,1,2,2,2,2,2,2,1,2,3,3,3,2,,32,,24,18,19,25,37,13,10,14
447,1,0,10,3,1,1,0,1,2,2,missing (imputed in analyses),4,4,4,4,4,4,4,4,1,1,1,4,,1,4,4,4,4,4,1,4,4,4,4,4,2,4,4,4,4,7,4,4,6,3,1,2,1,1,1,1,1,2,1,1,1,3,2,1,1,1,1,,32,,21,21,18,24,22,7,6,9
448,1,1,10,4,0,1,1,1,3,3,missing (imputed in analyses),4,3,4,4,3,4,4,4,3,4,4,4,,3,3,3,3,3,4,4,3,4,4,3,3,3,4,2,3,3,3,6,6,4,3,2,4,5,1,4,5,6,2,3,5,5,1,2,5,1,1,5,,30,,19,21,15,22,57,21,21,15
449,1,1,10,4,0,0,0,1,2,1,missing (imputed in analyses),4,4,3,1,1,4,4,3,4,4,4,3,,4,1,4,1,1,3,4,4,4,4,3,2,2,4,2,2,4,5,5,7,5,2,6,6,7,5,6,7,6,7,6,6,7,5,7,5,5,6,7,,24,,14,21,14,24,104,37,32,35
450,1,1,10,4,0,1,0,1,2,1,missing (imputed in analyses),3,3,3,4,4,4,4,3,3,4,3,3,,4,3,4,4,4,3,3,3,3,2,3,2,1,4,3,3,4,5,5,7,1,3,5,6,6,3,6,6,6,6,6,6,6,5,6,6,5,5,6,,28,,22,16,15,21,95,32,30,33
451,1,1,9,4,0,0,0,1,4,2,missing (imputed in analyses),2,3,4,4,1,4,4,3,4,4,4,3,,4,1,4,4,4,3,3,4,3,3,3,2,2,4,3,3,1,5,5,7,1,3,5,6,6,5,6,6,6,6,5,5,6,6,6,5,5,5,5,,25,,20,18,13,21,94,34,28,32
452,1,1,10,4,0,1,1,1,5,4,missing (imputed in analyses),3,4,3,4,1,4,4,3,4,4,3,3,,4,4,4,1,1,4,4,4,3,3,3,2,2,4,3,3,4,5,5,7,1,4,5,6,7,5,6,7,5,5,5,5,5,5,6,6,2,6,5,,26,,18,19,16,22,91,36,25,30
453,1,1,9,4,0,1,1,0,1,,missing (imputed in analyses),2,3,4,4,3,4,4,3,4,4,3,3,,4,4,3,4,4,3,4,4,3,2,2,3,2,4,3,3,2,5,4,7,1,1,5,5,6,5,3,3,5,5,5,5,5,5,5,5,5,5,5,,27,,22,18,14,18,82,27,25,30
454,1,0,10,4,1,0,1,0,2,1,missing (imputed in analyses),3,3,3,4,4,4,3,4,2,4,3,3,,4,4,4,4,4,3,3,4,3,3,3,2,2,3,4,3,3,5,5,7,4,3,5,6,7,6,6,6,5,6,6,6,6,6,6,5,5,5,6,,28,,23,18,15,24,98,36,29,33
455,1,1,10,4,0,1,1,0,2,1,missing (imputed in analyses),3,3,3,4,4,4,4,3,3,4,4,3,,4,3,4,4,4,3,3,4,4,3,3,2,2,4,2,3,4,7,5,6,5,4,5,6,7,5,6,6,6,6,6,6,6,5,6,6,5,6,5,,28,,22,19,15,27,98,35,30,33
456,1,1,10,4,0,1,1,0,2,2,missing (imputed in analyses),3,4,2,4,1,4,4,3,4,4,3,3,,4,4,4,4,4,1,2,1,2,2,3,2,1,4,3,3,3,5,5,5,3,3,5,7,6,5,6,6,7,6,6,6,5,6,5,5,5,5,5,,25,,21,12,14,21,96,35,30,31
457,1,1,10,4,0,1,1,1,5,4,missing (imputed in analyses),2,1,3,1,1,1,1,2,4,4,3,3,,1,3,3,4,1,4,4,4,4,2,4,2,1,1,1,2,1,1,5,6,2,7,4,4,4,6,5,4,6,7,4,1,6,4,7,5,5,5,7,,12,,16,20,6,21,84,27,24,33
458,1,0,10,4,0,1,1,0,2,1,missing (imputed in analyses),2,3,3,4,2,4,4,3,3,4,4,3,,4,1,4,4,4,3,4,4,3,2,2,2,1,4,4,3,4,5,5,7,2,7,5,4,6,5,5,5,6,5,5,5,5,2,5,5,2,5,5,,25,,20,17,16,26,80,30,26,24
459,1,0,10,4,0,1,1,0,3,1,missing (imputed in analyses),4,4,4,4,4,4,4,4,2,4,4,1,,4,4,4,1,4,4,4,4,3,4,3,2,2,4,3,3,4,5,5,7,6,3,5,5,6,5,5,5,6,6,5,5,4,5,6,5,5,5,5,,32,,21,20,16,26,88,31,26,31
460,1,0,10,4,0,0,0,1,2,2,missing (imputed in analyses),2,3,3,3,3,2,2,4,3,2,4,3,,2,3,1,3,3,2,4,3,3,2,2,2,1,3,1,1,3,5,4,7,1,1,5,6,5,5,5,5,5,5,5,5,5,5,5,5,5,5,5,,22,,14,16,9,18,86,31,25,30
461,1,0,9,4,0,1,1,1,2,1,missing (imputed in analyses),2,3,1,1,4,4,3,2,3,4,4,3,,4,4,4,4,4,3,4,4,4,3,3,2,1,4,4,2,4,6,4,7,2,6,5,3,7,5,4,6,5,5,5,6,6,5,5,5,5,5,6,,20,,23,20,15,25,88,30,27,31
462,1,1,10,4,0,0,0,1,3,3,missing (imputed in analyses),3,3,3,3,3,4,3,3,2,4,2,3,,4,4,4,4,4,4,3,4,3,2,3,2,2,4,4,3,4,5,5,7,4,3,6,7,6,5,6,6,7,6,7,7,7,6,7,5,1,6,6,,25,,24,17,17,24,101,36,34,31
463,1,0,10,4,1,1,1,1,3,3,missing (imputed in analyses),4,3,4,4,4,4,4,2,4,4,3,3,,4,2,4,4,4,3,3,4,3,3,3,2,2,4,3,3,4,5,3,6,6,1,5,6,6,5,6,6,5,5,6,7,5,5,5,5,6,5,7,,29,,21,18,16,21,95,34,28,33
464,1,1,10,4,0,0,0,0,3,3,missing (imputed in analyses),3,4,3,2,4,4,4,3,3,4,3,3,,4,3,4,3,4,3,4,4,3,3,3,2,2,4,3,3,3,5,4,6,4,2,3,6,6,4,5,6,6,5,5,4,5,6,5,3,4,2,5,,27,,21,19,15,21,80,30,25,25
465,1,1,11,4,1,1,0,0,4,3,missing (imputed in analyses),4,4,4,4,3,4,4,4,4,4,4,2,,4,4,4,4,4,3,4,4,1,1,3,2,3,2,3,2,2,5,3,7,1,1,5,6,6,6,2,6,5,6,6,6,6,6,6,6,5,4,4,,31,,23,15,12,17,91,31,29,31
466,1,0,10,4,0,1,1,1,3,3,missing (imputed in analyses),4,4,4,4,4,4,4,4,3,4,4,2,,4,4,4,4,4,3,3,4,4,3,3,2,1,4,4,3,3,5,5,7,5,1,6,6,6,5,6,6,6,6,6,5,5,1,5,5,5,5,5,,32,,23,19,15,23,89,35,28,26
467,1,0,10,4,0,1,1,1,4,4,missing (imputed in analyses),4,3,3,2,4,4,3,3,3,2,3,2,,4,3,4,3,4,3,4,3,2,2,3,2,2,4,4,4,4,5,5,5,1,4,5,6,5,5,6,5,7,5,5,6,5,6,6,4,5,4,5,,26,,21,16,18,20,90,32,28,30
468,1,0,10,4,1,1,1,0,1,1,missing (imputed in analyses),4,4,4,4,2,4,4,3,2,4,4,3,,4,4,4,4,4,3,4,4,3,3,2,1,3,4,3,2,4,7,6,7,5,4,5,4,6,5,6,7,6,6,6,6,6,5,6,5,5,5,5,,29,,23,17,16,29,94,33,30,31
469,1,1,10,4,0,1,1,1,2,2,missing (imputed in analyses),4,4,4,4,4,4,4,3,3,4,4,3,,4,4,3,4,4,3,4,4,4,3,3,2,2,4,3,3,4,5,5,7,5,2,5,6,6,5,6,7,6,6,5,6,6,5,5,6,2,5,5,,31,,22,20,16,24,92,35,29,28
470,1,1,11,4,0,1,1,1,4,2,missing (imputed in analyses),4,3,4,3,4,3,4,4,4,4,3,3,,4,2,4,4,4,4,4,4,4,4,3,2,2,2,3,3,4,7,5,5,3,1,7,6,6,5,5,6,5,5,6,6,7,5,6,5,5,5,5,,29,,22,21,14,21,95,35,29,31
471,1,1,10,4,0,1,1,0,3,2,missing (imputed in analyses),4,4,4,4,4,4,4,3,3,4,4,3,,4,4,4,4,4,4,4,4,3,3,3,2,1,4,3,3,4,5,7,7,1,1,6,7,7,5,6,6,6,6,7,7,6,5,7,6,7,6,6,,31,,24,19,15,21,106,37,32,37
472,1,0,10,4,0,1,1,0,2,2,missing (imputed in analyses),1,3,3,4,4,4,4,4,1,4,4,4,,4,4,4,4,4,4,4,4,4,4,4,3,1,4,1,4,4,6,6,6,6,7,3,3,5,3,5,6,4,4,5,5,5,5,5,5,4,3,5,,27,,24,23,14,31,75,25,23,27
473,1,0,10,4,0,1,1,1,5,4,missing (imputed in analyses),4,3,4,1,4,2,4,2,2,3,2,1,,4,3,4,4,3,4,2,1,3,4,2,2,3,2,4,3,2,5,6,4,4,5,1,2,2,1,2,1,3,2,2,2,7,5,6,4,4,6,5,,24,,22,14,14,24,55,9,16,30
474,1,1,10,4,1,1,0,1,2,2,missing (imputed in analyses),1,3,4,3,4,4,4,2,2,2,3,2,,4,2,3,4,3,2,3,2,3,3,2,2,3,2,3,3,3,6,4,3,1,1,5,1,2,1,1,1,3,3,1,1,1,2,4,1,1,5,1,,25,,18,15,14,15,34,11,9,14
475,1,1,10,4,0,0,0,1,5,2,missing (imputed in analyses),4,3,4,3,4,2,4,3,3,4,2,1,,4,3,4,4,3,4,4,2,1,3,1,2,3,4,4,3,4,6,4,6,4,4,1,4,4,5,6,4,4,4,7,5,4,4,4,5,4,4,1,,27,,22,13,18,24,70,24,24,22
476,1,1,9,4,1,1,0,0,3,1,missing (imputed in analyses),3,4,2,2,4,2,3,4,2,2,1,1,,3,3,4,1,4,4,2,4,1,1,4,3,2,2,2,4,4,1,7,7,6,6,7,5,4,4,2,4,4,4,3,5,4,5,5,4,3,4,5,,24,,19,15,14,27,72,26,20,26
477,1,1,10,4,0,1,1,1,5,4,missing (imputed in analyses),4,3,4,3,4,4,4,2,4,4,3,3,,3,4,4,4,4,4,3,4,3,2,2,4,1,4,3,3,1,5,7,5,7,7,7,7,6,4,4,5,5,5,6,6,4,5,5,5,6,6,5,,28,,23,18,12,31,91,33,26,32
478,1,1,10,4,1,1,0,1,4,2,missing (imputed in analyses),4,3,4,2,4,3,4,3,3,1,1,2,,3,3,4,4,3,3,2,1,1,2,2,1,3,3,2,4,1,4,4,6,3,7,6,5,4,5,5,5,5,4,4,5,6,5,5,4,5,4,3,,27,,20,9,13,24,80,30,24,26
479,1,1,10,4,0,1,1,1,5,2,missing (imputed in analyses),3,3,4,4,4,4,4,3,2,1,1,3,,3,4,4,4,4,3,2,1,2,1,1,1,4,4,4,4,4,2,3,3,3,1,4,2,5,1,4,4,4,4,4,1,1,1,1,4,4,4,4,,29,,22,8,20,12,52,20,14,18
480,1,1,10,4,1,,1,1,3,2,missing (imputed in analyses),4,4,4,4,4,4,4,4,1,4,4,3,,1,4,3,2,4,4,1,3,1,3,2,1,4,4,4,4,4,6,7,7,7,6,6,6,5,7,6,6,4,6,6,4,3,1,7,5,6,5,7,,32,,18,11,20,33,90,36,23,31
481,1,0,9,4,1,0,0,1,5,3,missing (imputed in analyses),4,3,4,2,4,3,1,4,3,2,3,4,,4,4,4,4,4,2,4,4,1,4,1,3,1,4,2,4,4,5,2,4,6,1,5,3,6,4,4,4,4,5,6,6,3,3,4,4,5,3,5,,25,,22,17,15,18,74,26,24,24
482,1,1,10,4,0,0,0,1,3,1,missing (imputed in analyses),3,2,4,3,3,2,3,2,2,2,3,3,,4,3,2,3,2,1,3,1,2,3,4,4,2,2,1,2,2,4,3,4,4,5,2,4,5,5,4,4,3,4,4,3,4,3,4,2,3,4,5,,22,,15,17,9,20,63,24,18,21
483,1,1,10,3,0,1,1,1,3,3,missing (imputed in analyses),1,1,1,4,4,1,1,1,4,4,4,1,,4,4,4,4,4,4,4,1,4,4,4,1,1,4,1,4,4,6,5,4,5,5,5,7,5,3,2,2,2,2,2,2,2,2,2,2,2,2,2,,14,,24,18,14,25,46,24,10,12
484,1,0,9,3,1,1,0,0,3,1,missing (imputed in analyses),3,2,4,4,4,4,3,4,4,4,4,4,,4,4,4,4,4,3,4,2,4,3,3,3,3,3,1,4,2,5,7,7,5,1,7,7,7,6,7,7,7,5,7,1,7,7,7,7,6,6,7,,28,,23,19,13,25,108,41,27,40
485,1,0,8,3,0,1,1,0,2,2,missing (imputed in analyses),3,3,4,4,3,3,3,3,2,3,2,3,,4,3,4,3,4,4,4,2,3,3,3,3,3,2,3,4,3,5,3,3,5,2,6,5,5,1,6,3,4,4,3,4,4,3,2,3,4,4,4,,26,,22,18,15,18,65,26,19,20
486,1,0,9,3,0,1,1,0,3,3,missing (imputed in analyses),1,1,2,1,3,1,2,1,3,3,4,1,,4,4,4,1,1,4,4,4,4,2,1,4,1,3,1,1,1,4,5,6,2,7,6,5,7,4,5,5,2,4,4,5,4,5,7,5,4,6,7,,12,,18,19,7,24,85,32,19,34
487,1,1,10,3,0,1,1,1,4,2,missing (imputed in analyses),4,3,4,3,4,3,1,1,4,4,4,1,,1,4,4,4,4,4,2,1,1,1,2,2,3,1,3,4,1,7,7,7,7,7,7,4,5,4,1,5,6,5,5,1,5,1,4,4,5,5,6,,23,,21,9,12,35,73,26,22,25
488,1,1,8,3,0,1,1,0,3,2,missing (imputed in analyses),1,1,1,1,1,3,1,4,4,4,2,4,,4,4,4,4,1,3,4,3,4,3,3,3,1,4,1,2,2,5,7,6,5,7,5,5,4,2,5,7,7,6,7,5,5,5,7,7,6,6,6,,13,,20,20,10,30,95,28,30,37
489,1,0,9,3,0,1,1,0,3,3,missing (imputed in analyses),3,4,4,1,4,1,4,2,4,4,4,1,,4,1,4,3,1,4,4,1,1,2,2,4,3,1,1,1,1,1,7,7,7,7,5,7,7,1,2,1,7,1,7,7,7,3,7,3,1,1,7,,23,,17,14,7,29,74,23,29,22
490,1,1,8,3,0,1,1,0,5,4,missing (imputed in analyses),4,4,4,3,4,4,3,4,3,4,1,1,,4,3,4,4,4,4,3,4,1,2,1,3,2,3,2,4,2,3,2,7,1,1,5,1,7,7,6,6,7,6,5,6,7,2,6,5,5,3,5,,30,,23,14,13,14,89,32,31,26
491,1,0,9,3,0,1,1,1,1,1,missing (imputed in analyses),4,4,4,1,4,4,4,4,4,1,4,1,,4,4,4,1,4,4,4,4,1,1,1,1,4,4,1,4,3,6,6,6,6,6,6,6,6,5,5,5,5,5,5,5,5,5,5,5,5,5,5,,29,,21,12,16,30,88,33,25,30
492,1,0,9,3,0,1,1,1,2,2,missing (imputed in analyses),4,2,4,2,4,4,4,2,1,1,3,4,,4,4,4,2,4,2,1,1,1,3,3,1,3,4,4,2,4,4,4,4,3,6,3,4,5,5,1,5,4,5,4,4,4,2,7,5,4,4,5,,26,,20,10,17,21,71,23,21,27
493,1,1,9,3,0,1,1,0,3,1,missing (imputed in analyses),4,3,4,3,4,4,4,4,1,2,1,1,,3,4,4,3,4,3,1,1,1,2,1,1,3,4,2,3,4,1,3,2,2,4,5,4,4,2,3,1,4,4,5,5,5,5,2,5,5,5,5,,30,,21,7,16,12,69,19,23,27
494,1,1,9,3,0,1,1,1,5,4,missing (imputed in analyses),3,3,3,2,2,3,3,3,2,3,2,2,,2,3,3,3,3,3,3,2,2,3,3,2,3,3,3,3,3,5,2,3,4,5,5,4,6,4,6,5,5,6,5,4,5,5,4,5,4,5,5,,22,,17,15,15,19,83,30,25,28
495,1,1,9,3,0,1,1,1,4,3,missing (imputed in analyses),4,4,4,4,4,1,4,4,4,4,4,1,,4,2,4,4,4,4,4,4,4,4,4,4,1,4,1,2,2,5,7,7,5,7,5,7,7,5,5,5,5,7,5,5,7,5,5,5,5,5,7,,29,,22,24,10,31,95,34,29,32
496,1,0,10,3,1,1,0,0,3,1,missing (imputed in analyses),2,3,2,4,2,1,3,3,3,3,3,1,,3,3,4,3,4,3,4,4,4,2,1,3,4,2,4,3,1,5,3,6,2,4,2,4,4,3,1,2,4,3,5,3,2,5,2,3,5,2,3,,20,,20,18,14,20,53,16,17,20
497,1,1,9,3,0,1,1,1,2,2,missing (imputed in analyses),1,1,4,1,1,4,2,1,2,4,2,4,,4,3,1,4,4,4,4,3,4,4,2,4,3,2,4,2,4,7,7,7,4,4,6,3,7,6,1,4,7,6,5,2,4,2,4,7,4,6,3,,15,,20,21,15,29,77,27,24,26
498,1,0,9,3,0,0,0,0,4,2,missing (imputed in analyses),4,2,2,3,4,4,2,1,4,4,4,1,,4,4,4,4,4,4,4,4,2,4,1,3,4,4,4,4,4,4,3,7,4,7,1,4,4,4,4,4,1,2,1,4,4,4,4,3,4,3,4,,22,,24,18,20,25,55,21,12,22
499,1,1,9,3,0,1,1,1,3,3,missing (imputed in analyses),3,3,4,3,4,1,2,3,2,4,1,3,,3,3,3,2,2,3,3,3,3,3,3,2,3,4,2,2,2,4,4,5,4,1,5,4,4,3,4,4,1,5,5,1,4,4,4,5,5,4,4,,23,,16,17,13,18,66,24,16,26
500,1,0,10,3,0,1,1,0,3,1,missing (imputed in analyses),4,4,4,4,4,4,4,4,1,4,4,4,,4,4,4,4,4,4,4,4,4,4,4,4,4,4,4,4,4,7,7,7,7,1,5,6,7,2,7,7,7,7,7,7,7,5,5,6,4,6,7,,32,,24,24,20,29,102,34,35,33
501,1,1,10,3,0,1,1,1,3,1,missing (imputed in analyses),4,4,4,4,4,4,4,4,1,2,4,3,,4,4,4,1,4,4,4,4,4,4,2,4,4,4,4,4,4,7,1,7,1,1,1,4,2,1,4,3,4,4,3,1,1,3,5,1,2,1,4,,32,,21,22,20,17,44,15,13,16
502,1,0,10,3,0,1,1,1,5,4,missing (imputed in analyses),4,4,4,4,4,4,4,4,4,4,4,4,,4,3,4,4,4,3,4,4,4,4,4,4,3,4,4,4,2,7,4,7,7,2,1,1,7,1,7,3,1,6,3,4,3,1,3,4,1,1,5,,32,,22,24,17,27,52,20,17,15
503,1,0,9,3,0,1,1,1,4,2,missing (imputed in analyses),4,4,4,4,4,4,4,4,1,4,4,4,,4,4,4,4,4,4,4,4,4,4,4,4,4,4,4,4,4,7,7,7,7,1,1,6,7,1,5,6,7,7,7,5,5,1,1,5,5,6,6,,32,,24,24,20,29,81,26,31,24
504,1,1,9,3,1,1,0,0,3,1,missing (imputed in analyses),4,4,4,4,4,4,4,4,4,4,4,4,,4,4,4,4,4,4,4,4,4,4,4,4,4,4,4,4,1,7,7,6,7,1,1,1,7,1,2,7,7,7,7,2,3,1,1,3,2,2,7,,32,,24,24,17,28,61,19,26,16
505,1,0,9,3,0,1,1,1,5,2,missing (imputed in analyses),4,4,4,4,4,4,4,4,1,1,4,4,,4,4,4,4,4,4,4,4,4,4,4,4,4,4,4,4,4,7,7,7,7,7,5,6,7,7,6,7,6,6,6,6,5,5,5,6,6,6,6,,32,,24,24,20,35,101,38,29,34
506,1,0,9,3,0,1,1,1,3,2,missing (imputed in analyses),4,4,4,4,4,4,4,4,4,4,4,4,,4,4,4,4,4,4,4,4,4,4,4,4,4,4,4,4,4,7,7,7,7,5,7,6,7,3,1,5,5,7,7,4,5,5,4,7,4,5,6,,32,,24,24,20,33,88,29,28,31
507,1,1,9,3,0,1,1,0,4,3,missing (imputed in analyses),3,4,2,4,4,4,4,4,1,2,3,4,,4,4,4,4,4,4,1,1,3,4,3,4,4,4,4,4,4,7,5,7,6,3,5,4,6,1,4,5,6,5,6,3,7,2,1,7,6,5,6,,29,,24,16,20,28,79,25,27,27
508,1,1,10,3,0,1,1,1,5,1,missing (imputed in analyses),4,4,4,4,4,4,4,4,1,1,4,4,,4,4,4,4,4,4,1,4,4,4,4,4,4,4,4,4,4,7,7,7,7,1,1,5,6,2,6,4,1,7,7,1,5,1,1,4,1,4,7,,32,,24,21,20,29,63,24,21,18
509,1,1,9,3,0,1,1,1,3,2,missing (imputed in analyses),3,4,4,4,4,4,4,4,4,3,4,4,,4,4,4,4,4,3,4,4,4,4,4,4,4,4,4,4,4,7,5,7,6,3,6,5,7,6,7,4,5,7,7,5,6,4,5,7,4,6,7,,31,,23,24,20,28,98,35,30,33
510,1,1,9,3,0,1,1,0,5,3,missing (imputed in analyses),4,4,4,4,4,4,4,4,1,3,4,3,,4,4,4,4,4,4,3,3,3,3,3,3,1,4,4,4,4,7,5,7,7,2,5,4,7,3,5,7,6,6,4,3,7,4,4,7,4,7,7,,32,,24,18,17,28,90,31,26,33
511,1,1,9,3,0,1,1,1,4,2,missing (imputed in analyses),4,4,4,4,4,4,4,4,1,4,4,4,,4,4,4,4,4,3,4,4,4,4,4,4,4,4,4,4,3,7,7,7,7,4,5,3,7,1,7,3,5,7,4,1,7,1,1,7,1,4,7,,32,,23,24,19,32,71,26,24,21
512,1,1,9,3,0,1,1,1,5,4,missing (imputed in analyses),4,4,4,4,4,4,4,4,1,1,4,4,,4,4,4,4,4,4,4,4,4,4,4,4,4,4,4,4,4,7,6,6,6,1,5,1,6,4,4,5,5,6,5,6,1,1,5,5,6,5,5,,32,,24,24,20,26,75,25,23,27
513,1,1,9,3,0,1,1,0,5,1,missing (imputed in analyses),4,4,4,4,4,4,4,4,1,1,2,3,,1,4,4,4,4,4,2,4,4,4,4,4,4,4,4,4,4,7,6,7,6,1,5,4,5,1,1,3,4,5,1,1,5,1,1,1,1,1,1,,32,,21,22,20,27,41,19,16,6
514,1,0,10,4,0,0,0,1,3,3,missing (imputed in analyses),4,4,4,4,4,4,4,4,4,4,4,3,,4,1,4,4,4,3,4,4,3,3,3,2,1,4,3,3,4,5,5,7,2,1,5,6,7,5,6,6,6,6,6,6,6,5,6,5,5,5,5,,32,,20,19,15,20,96,35,30,31
515,1,1,9,4,0,1,1,0,2,1,missing (imputed in analyses),4,3,4,4,1,4,3,3,4,4,4,3,,4,1,4,4,4,3,4,4,3,3,3,2,2,4,4,3,4,5,5,7,2,1,5,7,7,5,6,6,6,6,7,6,6,5,6,5,5,5,5,,26,,20,19,17,20,98,36,31,31
516,1,0,10,4,0,1,1,0,3,3,missing (imputed in analyses),2,4,4,4,4,4,4,3,3,3,4,3,,4,4,4,4,4,3,1,4,3,3,3,2,3,4,3,3,4,5,4,7,1,2,5,6,6,5,6,5,5,5,5,6,6,5,5,6,5,6,5,,29,,23,16,17,19,92,33,27,32
517,1,0,10,4,1,1,0,1,1,1,missing (imputed in analyses),2,2,4,4,1,4,4,3,4,4,4,3,,4,1,4,4,4,3,4,4,3,3,3,2,2,1,4,3,3,4,5,7,3,7,5,6,5,4,4,5,6,6,5,6,6,5,5,6,4,5,5,,24,,20,19,13,26,88,29,29,30
518,1,0,10,4,0,1,1,1,2,2,missing (imputed in analyses),4,3,3,4,4,4,3,3,2,4,4,2,,4,4,4,4,4,3,4,4,3,2,3,2,1,4,4,3,3,5,4,7,1,3,4,6,6,5,7,5,5,5,5,5,5,5,5,5,5,5,5,,28,,23,18,15,20,88,33,25,30
519,1,1,10,4,0,0,0,0,3,3,missing (imputed in analyses),3,3,3,4,3,4,1,3,3,4,4,3,,4,3,4,4,4,3,4,4,3,3,3,2,2,4,4,2,4,5,5,7,5,3,5,5,6,5,6,6,5,6,6,5,6,5,5,6,5,5,5,,24,,22,19,16,25,92,33,28,31
520,1,1,10,4,0,0,0,0,4,4,missing (imputed in analyses),3,3,4,4,4,4,4,3,3,4,4,2,,4,4,4,4,4,3,4,4,3,4,3,2,1,1,3,3,4,5,5,7,5,4,5,7,6,5,6,6,7,6,7,6,7,6,5,5,5,5,6,,29,,23,20,12,26,100,35,33,32
521,1,0,10,4,0,0,0,1,2,2,missing (imputed in analyses),4,4,4,4,4,4,4,4,1,4,4,3,,4,4,4,4,4,3,4,4,4,4,3,2,1,4,3,3,3,5,5,7,1,2,6,6,6,5,6,7,7,6,6,6,6,5,6,6,6,6,6,,32,,23,21,14,20,102,36,31,35
522,1,0,11,4,0,0,0,1,4,3,missing (imputed in analyses),4,4,4,1,1,4,4,4,4,4,1,4,,4,4,4,4,4,4,1,1,1,1,1,1,4,4,4,4,4,3,7,7,7,1,5,7,3,1,1,4,6,1,7,1,1,1,2,1,1,1,1,,26,,24,6,20,25,44,21,16,7
523,1,0,10,4,0,1,1,1,2,1,missing (imputed in analyses),3,3,3,3,3,3,4,4,3,3,2,1,,4,3,4,4,4,4,3,2,2,2,1,1,3,3,4,3,3,3,4,5,6,7,1,4,5,7,6,3,3,3,3,3,4,5,5,3,3,2,1,,26,,23,11,16,25,61,26,16,19
524,1,1,10,4,0,0,0,1,4,1,missing (imputed in analyses),3,3,2,2,2,3,2,3,3,2,4,2,,3,3,3,2,3,2,3,3,2,2,3,3,2,2,3,3,4,5,4,3,4,2,3,4,4,5,5,4,5,4,5,3,4,4,3,4,3,3,4,,20,,16,16,14,18,67,25,21,21
525,1,1,10,4,0,0,0,1,3,3,missing (imputed in analyses),4,4,4,4,4,4,4,4,1,1,1,1,,4,4,4,4,4,2,1,2,1,1,3,1,4,4,4,4,1,1,1,1,1,1,6,6,6,5,6,6,6,6,6,6,6,6,7,6,7,5,6,,32,,22,9,17,5,102,35,30,37
526,1,1,10,4,0,1,1,1,5,1,missing (imputed in analyses),2,3,2,1,2,1,2,1,1,3,3,3,,4,2,1,3,2,3,3,4,3,3,3,2,1,2,1,2,2,7,4,6,5,4,2,2,5,1,3,2,4,4,4,3,5,4,5,5,2,2,3,,14,,15,18,8,26,56,15,20,21
527,1,1,10,4,1,1,0,0,5,4,missing (imputed in analyses),4,4,4,4,4,1,4,4,4,4,4,1,,4,4,4,4,4,4,4,1,3,3,1,3,4,4,4,2,4,7,4,6,5,4,7,4,7,4,4,5,7,7,7,1,4,4,4,5,4,4,4,,29,,24,15,18,26,82,31,26,25
528,1,1,11,4,0,0,0,0,4,3,missing (imputed in analyses),4,4,4,3,4,4,4,4,2,3,3,1,,4,3,4,2,4,3,1,1,1,4,1,3,3,4,3,4,4,3,5,5,1,5,5,2,3,5,1,5,6,5,6,2,1,1,6,1,1,3,4,,31,,20,11,18,19,57,21,20,16
529,1,0,10,4,0,0,0,1,2,2,missing (imputed in analyses),3,3,4,4,3,4,4,4,3,3,3,1,,3,4,3,3,2,3,3,3,1,1,2,1,4,2,4,4,4,3,3,3,2,6,1,1,1,7,7,7,7,1,2,1,3,1,1,1,3,1,1,,29,,18,11,18,17,46,24,14,8
530,1,0,9,4,0,0,0,1,1,1,missing (imputed in analyses),3,3,4,2,4,4,2,3,4,3,3,2,,3,4,4,4,4,4,3,2,2,2,3,3,1,4,4,4,4,3,5,6,3,4,5,5,4,1,5,5,5,6,5,4,4,1,4,1,2,2,4,,25,,23,15,17,21,63,25,24,14
531,1,1,10,4,0,1,1,1,5,2,missing (imputed in analyses),4,3,4,3,3,3,4,3,3,3,3,3,,3,3,4,3,4,3,3,3,3,3,1,3,3,3,2,4,3,5,4,5,4,3,5,4,5,2,4,5,5,6,6,5,6,2,5,4,4,5,6,,27,,20,16,15,21,79,25,28,26
532,1,1,10,4,0,1,1,0,4,2,missing (imputed in analyses),3,2,4,1,1,1,2,4,2,4,3,4,,4,3,4,2,3,2,1,4,1,2,4,3,1,3,2,3,2,4,3,4,1,7,5,1,4,5,1,2,5,3,5,2,1,3,5,4,1,2,2,,18,,18,15,11,19,51,18,16,17
533,1,1,9,4,0,1,1,1,5,4,missing (imputed in analyses),4,2,4,4,2,4,3,4,2,4,4,3,,2,4,3,2,4,2,2,4,3,3,2,1,2,4,3,4,3,1,3,7,1,1,7,6,4,5,1,5,6,5,4,3,2,1,6,5,5,2,5,,27,,17,15,16,13,72,28,20,24
534,1,0,10,4,0,0,0,1,3,1,missing (imputed in analyses),4,4,4,4,4,4,4,4,1,1,1,1,,4,4,4,4,4,4,1,4,1,1,1,1,4,4,4,4,4,1,3,1,1,1,5,1,1,1,1,1,2,3,1,1,1,1,1,1,1,1,1,,32,,24,9,20,7,24,10,8,6
535,1,1,11,4,0,1,1,1,4,3,missing (imputed in analyses),2,4,4,4,3,4,3,4,3,4,3,2,,4,1,4,4,4,3,2,3,3,4,3,4,1,4,2,4,4,2,6,6,6,4,5,6,5,3,4,4,7,5,6,5,6,7,7,6,6,5,7,,28,,20,19,15,24,94,27,29,38
