id,gender,age,grade,lbc_self_report,separation_over_5y,both_parents_migrated,caregiver_grandparent,n_siblings,birth_order,parents_divorced,b1,b2,b3,b4,b5,b6,b7,b8,b9,b10,b11,b12,b13,b14,b15,b16,b17,b18,b19,b20,b21,b22,b23,b24,b25,b26,b27,b28,b29,b30,c1,c2,c3,c4,c5,f1,f2,f3,f4,f5,f6,f7,f8,f9,f10,f11,f12,f13,f14,f15,f16,f17
1,1,13,6,2,,,,2,2,1,3,4,1,1,3,3,3,1,1,2,3,1,3,4,4,4,4,4,3,3,3,2,4,1,3,4,1,4,2,3,2,2,1,2,1,1,1,1,1,1,1,1,1,1,1,1,1,1,1,1,1,1
2,1,13,6,2,,,,4,4,2,4,4,3,2,2,4,2,2,3,3,3,2,4,4,3,4,4,4,3,4,3,3,3,3,3,2,4,2,3,4,3,4,5,3,1,6,6,6,5,5,4,5,4,6,5,7,5,4,4,5,7,6
3,2,13,6,2,,,,4,4,2,4,4,4,4,4,4,4,1,4,4,4,3,4,4,4,4,4,4,4,3,3,3,4,3,3,2,3,2,2,3,4,5,5,5,1,5,6,5,4,4,5,6,6,6,6,7,5,7,5,4,4,7
4,1,13,6,2,,,,3,3,2,4,4,4,1,4,4,4,4,1,3,1,3,4,4,4,4,4,4,4,1,4,1,3,3,3,2,4,4,4,4,6,4,7,7,5,7,7,7,7,7,7,7,7,7,7,7,4,7,7,7,7,7
5,1,13,6,2,,,,4,3,2,4,4,3,4,4,4,4,4,3,2,4,4,4,4,4,4,4,4,4,1,4,3,4,4,4,1,4,4,4,4,6,6,6,1,1,1,1,1,1,1,1,1,1,1,1,1,3,4,5,3,3,1
6,2,13,6,1,1,0,0,4,4,2,4,4,4,2,4,4,4,3,2,4,4,4,4,3,2,3,4,4,3,4,3,3,3,3,2,3,3,3,3,2,5,5,4,5,2,5,5,6,3,3,5,6,6,7,5,5,5,7,6,5,5,6
7,1,13,6,2,,,,2,1,2,2,2,1,1,1,1,1,1,4,4,1,1,1,4,4,4,3,3,2,3,3,3,2,4,2,2,1,2,1,3,3,5,1,1,1,1,5,5,5,5,5,5,5,5,5,5,1,1,1,1,6,6
8,2,13,6,1,1,0,0,5,3,2,4,4,4,4,4,4,4,3,4,4,2,1,4,4,4,4,1,4,4,1,1,3,4,4,4,3,4,2,4,3,7,7,7,7,1,1,5,7,2,2,4,7,7,5,5,5,4,3,4,7,4,4
9,2,13,6,1,1,1,1,5,3,2,4,4,4,3,4,4,3,1,2,1,2,4,3,4,4,4,4,4,4,4,3,3,4,4,3,4,4,3,4,4,3,3,5,4,2,2,7,6,6,6,6,6,6,6,6,6,6,6,6,7,6,7
10,2,12,6,1,1,1,1,1,1,1,4,4,4,4,4,2,4,4,1,1,1,3,4,1,4,1,4,4,4,3,4,4,3,3,3,4,4,4,3,4,5,6,7,7,7,5,5,5,5,5,5,5,5,5,5,5,5,5,5,5,5,5
11,1,13,6,2,,,,2,2,2,4,4,2,4,2,1,3,1,3,2,4,3,3,3,1,4,4,3,4,1,1,2,1,2,1,1,3,2,2,3,3,4,2,3,5,4,4,4,3,3,2,1,4,2,5,2,3,1,1,1,1,1
12,1,13,6,2,,,,3,3,2,4,4,4,4,4,4,2,1,2,1,1,4,4,2,4,4,4,4,4,4,4,1,4,4,3,1,4,2,2,1,1,5,7,4,1,1,7,2,1,1,1,1,5,5,5,7,1,1,2,1,1,1
13,1,12,6,2,,,,5,3,2,4,2,4,2,3,4,4,3,4,4,4,4,4,4,4,4,4,4,4,4,4,4,4,4,3,4,4,1,2,3,4,6,3,5,4,2,2,6,1,1,2,1,5,3,6,1,1,1,1,1,1,4
14,2,13,6,2,,,,3,2,2,3,3,3,4,3,2,3,4,4,1,4,3,3,4,1,4,2,4,2,2,2,4,4,4,3,1,1,3,4,3,1,4,2,4,4,6,4,6,1,1,5,5,3,3,1,5,6,6,3,6,5,7
15,1,13,6,1,1,1,1,2,2,2,4,3,4,3,4,2,4,2,1,1,2,1,3,3,4,4,3,3,4,1,1,1,2,2,2,4,4,4,4,4,1,1,2,2,2,1,1,1,1,1,1,1,1,1,1,1,1,1,1,1,1,1
16,1,12,6,2,,,,3,3,2,2,2,3,3,3,4,4,4,3,2,4,4,3,4,3,4,3,4,2,3,2,3,3,2,3,2,2,2,2,3,5,6,5,5,3,1,3,4,1,2,4,3,4,2,6,4,1,1,1,1,1,1
17,1,13,6,1,1,1,1,2,1,2,4,4,4,4,4,4,4,3,2,2,2,3,4,2,2,2,3,1,2,2,1,2,3,3,2,3,3,2,2,2,4,4,4,4,4,4,4,4,4,4,4,4,4,4,4,4,4,4,4,4,4,4
18,1,13,6,2,,,,5,4,2,4,4,4,4,4,4,4,1,4,4,1,1,4,4,4,4,4,4,4,4,4,4,4,4,4,1,4,1,1,4,1,7,6,6,1,7,7,7,5,7,7,7,7,7,7,7,7,7,5,7,7,7
19,2,12,6,2,,,,4,4,2,2,2,1,2,2,2,2,2,3,3,3,3,4,2,2,2,2,2,2,3,3,3,3,3,3,2,2,2,2,2,3,2,2,3,3,4,3,3,3,3,3,4,4,4,4,4,4,3,3,3,3,3
20,2,13,6,1,1,1,1,4,3,2,3,4,4,4,1,4,4,4,4,4,4,3,4,4,4,4,4,4,4,4,4,4,3,3,3,2,3,2,3,4,2,3,6,1,1,5,5,6,5,6,7,6,5,5,5,5,5,5,5,5,5,5
21,2,13,6,1,1,1,1,3,2,2,4,4,4,4,4,4,4,4,3,4,3,3,4,4,3,4,3,2,2,3,3,3,3,3,3,3,4,4,4,3,4,5,6,3,4,6,6,6,4,6,6,6,6,6,6,6,6,5,6,6,5,5
22,2,13,6,2,,,,3,1,2,4,4,4,4,4,1,4,4,4,4,4,4,4,4,4,1,4,4,4,4,4,4,4,4,4,1,4,1,4,4,4,7,5,7,1,2,4,1,1,2,1,7,7,7,7,7,1,7,4,4,3,7
23,2,13,6,2,,,,4,2,2,4,4,4,4,4,1,4,4,1,2,3,1,4,4,3,3,4,4,3,1,3,3,1,2,1,3,4,3,2,4,4,5,1,1,1,6,7,6,5,1,1,1,1,1,1,1,2,3,1,1,2,2
24,1,13,6,2,,,,4,2,2,4,4,4,1,2,3,4,3,2,1,2,2,1,4,1,4,4,4,4,4,1,1,4,4,1,1,4,1,4,4,1,4,5,1,7,2,2,4,2,4,6,5,5,5,5,5,5,5,5,5,5,5
25,1,14,6,1,1,1,1,3,3,2,4,3,4,3,1,3,3,4,2,2,4,4,2,4,4,3,3,4,1,4,1,4,4,1,2,4,4,1,3,4,1,4,2,2,2,1,5,4,1,4,4,1,1,1,1,1,1,3,3,1,1,5
26,1,14,6,2,,,,2,2,2,4,4,4,4,4,4,4,4,4,4,4,4,4,4,4,4,4,4,4,4,4,2,2,4,4,3,4,4,4,4,7,7,7,1,5,7,7,7,7,7,7,7,7,7,7,7,7,7,7,7,7,7
27,2,13,6,1,0,0,0,4,4,2,3,3,3,2,3,3,4,3,3,3,3,2,4,3,2,4,4,4,4,3,4,2,3,2,2,4,4,2,3,3,5,2,4,5,5,5,5,2,4,1,5,4,4,6,1,2,1,5,4,5,1,6
28,2,13,6,2,,,,3,1,2,3,3,2,4,3,4,3,1,3,4,4,4,2,4,4,4,4,4,3,3,4,4,3,3,3,2,4,2,3,2,5,5,6,4,4,5,4,7,6,3,4,5,4,3,6,4,5,2,4,6,5,4
29,1,13,6,2,,,,3,1,1,4,4,4,4,4,4,4,4,3,4,4,4,3,4,4,4,4,4,4,4,4,4,4,4,4,2,4,4,2,4,5,5,7,1,2,2,2,7,4,1,1,7,7,7,7,7,1,5,5,7,5,7
30,2,13,6,2,,,,3,1,2,4,3,4,4,1,4,4,4,4,2,3,4,3,2,4,4,4,4,4,3,3,3,4,3,3,2,3,2,4,4,4,4,6,6,1,5,6,6,7,7,4,6,6,5,3,6,6,3,3,1,2,2
31,2,13,6,1,1,1,1,5,2,2,3,2,2,3,2,3,2,2,2,3,4,2,4,3,2,1,3,3,2,3,2,3,2,3,2,3,3,3,2,3,2,3,4,4,4,2,4,7,2,2,4,6,2,5,4,6,4,3,7,3,7,4
32,2,13,6,1,0,1,1,3,3,1,4,3,4,2,4,4,3,3,3,4,3,2,4,4,3,3,3,4,4,3,3,3,4,3,3,3,4,2,4,4,3,3,6,2,5,5,2,6,4,1,2,2,6,6,5,6,5,2,5,2,2,6
33,2,13,6,2,,,,5,3,2,2,2,2,1,3,1,4,1,4,1,3,4,3,2,2,3,3,4,3,2,4,4,4,2,4,2,2,1,3,1,4,2,5,2,1,2,3,6,7,5,3,7,7,6,6,4,4,3,4,6,5,7
34,1,13,6,1,1,1,1,2,2,2,3,3,3,4,4,3,4,1,4,3,2,2,1,2,2,3,3,3,1,3,4,4,3,3,2,3,4,4,3,3,1,1,2,2,2,4,4,4,4,4,4,4,4,4,4,4,4,4,4,4,4,4
35,1,13,6,1,1,1,1,4,2,2,4,1,3,1,2,3,4,1,3,3,4,3,4,4,4,4,1,4,2,4,4,4,2,1,3,1,1,1,4,2,4,2,2,1,1,4,7,7,7,7,7,7,7,7,7,7,7,7,7,7,7,7
36,1,12,6,1,1,1,1,4,4,1,3,4,4,4,4,3,3,4,1,1,1,1,3,4,4,3,4,3,4,2,1,2,2,1,1,3,4,3,4,4,1,1,1,1,1,1,2,2,1,1,2,1,1,2,1,2,1,1,1,4,4,4
37,2,13,6,1,0,1,1,4,4,2,4,4,4,4,4,4,4,4,4,4,4,4,4,4,4,4,4,4,4,1,1,1,4,4,1,4,4,4,1,1,4,4,4,4,4,5,7,7,6,7,7,7,7,7,7,7,7,7,7,7,7,7
38,1,12,6,2,,,,3,2,2,4,4,4,4,4,2,4,4,3,4,4,4,3,4,4,4,4,4,4,4,3,3,3,4,2,2,4,1,3,3,4,5,7,4,4,4,4,6,3,3,3,4,2,5,4,6,4,3,4,4,4,4
39,1,13,6,1,1,1,,1,2,2,4,4,4,4,4,4,4,3,4,4,4,4,4,4,2,4,4,4,3,4,4,4,4,4,4,2,4,2,3,4,5,7,4,2,1,1,5,7,7,7,7,6,6,6,6,6,6,6,7,7,7,6
40,2,12,6,2,,,,3,1,2,1,1,1,3,4,4,4,4,4,1,1,1,4,4,1,4,4,4,1,4,4,4,1,1,1,4,4,1,4,4,6,5,5,5,4,4,5,5,5,5,5,5,7,7,4,7,4,7,4,4,4,5
41,2,13,6,1,0,1,1,4,2,2,3,4,3,4,3,4,3,3,3,4,3,3,4,4,4,4,4,3,2,3,3,3,3,4,4,3,4,3,2,3,4,3,6,3,3,6,2,4,3,4,4,4,4,5,5,4,4,4,4,5,4,5
42,2,13,6,1,0,1,1,5,2,2,4,3,3,4,2,3,4,2,2,2,4,3,4,2,2,3,2,3,1,1,2,3,2,1,3,3,4,3,3,4,3,5,3,4,3,5,4,4,6,4,4,4,6,5,7,7,5,4,4,4,4,4
43,2,12,6,2,,,,5,4,2,4,4,1,4,4,4,4,4,4,4,4,4,4,4,4,4,4,4,4,4,4,4,4,4,4,4,4,3,3,4,4,5,7,4,1,6,6,6,1,1,5,5,5,7,5,5,6,6,7,6,6,6
44,2,12,5,1,1,0,1,4,1,2,4,1,3,2,1,1,4,2,2,1,4,2,3,2,1,3,2,1,1,1,1,2,4,1,2,2,1,4,1,1,6,5,5,5,7,2,2,3,2,2,6,7,4,4,2,3,4,4,3,5,3,6
45,2,12,5,1,0,1,1,2,1,2,3,1,3,2,4,3,3,2,4,4,4,3,3,4,4,4,3,4,4,3,4,1,3,4,1,1,4,2,3,3,1,7,7,6,4,5,4,4,6,3,5,4,5,3,2,4,6,7,4,5,3,4
46,1,12,5,1,1,1,1,1,1,1,4,2,4,2,3,3,2,2,3,2,2,3,3,3,2,3,3,2,3,4,4,2,4,4,3,2,4,2,2,3,4,3,5,3,2,5,5,6,4,4,4,5,5,6,6,6,4,4,5,5,4,5
47,1,13,5,1,0,1,1,2,1,2,3,4,2,4,3,3,4,3,2,4,2,2,3,4,4,4,4,4,3,4,4,3,4,3,3,1,4,3,4,3,5,3,6,3,4,5,6,5,3,4,6,5,4,5,4,4,5,6,5,4,4,4
48,1,13,5,1,0,1,1,1,1,2,3,3,3,,2,4,4,1,1,3,3,3,1,4,4,4,4,4,4,4,2,3,3,3,3,1,4,4,3,2,3,2,5,6,1,1,1,6,3,1,6,1,1,1,1,1,1,1,1,7,1,1
49,1,12,5,1,1,1,1,1,1,2,4,4,4,2,4,2,4,2,3,3,3,3,4,4,4,4,4,4,4,1,1,1,4,4,1,4,4,1,3,1,6,6,6,2,1,5,5,6,5,6,6,6,5,5,6,6,6,6,7,7,6,6
50,1,12,5,2,,,,3,3,2,4,4,4,2,4,4,2,1,4,1,4,1,1,4,4,4,4,4,4,1,1,1,1,1,1,4,4,4,4,4,7,1,7,4,4,1,1,2,1,3,4,4,3,5,4,1,5,3,4,4,5,1
51,1,12,5,1,1,1,1,2,2,2,1,4,3,4,3,1,4,1,3,4,4,4,1,4,4,4,,4,4,4,3,3,1,3,4,3,4,3,4,1,1,7,4,3,1,3,6,3,6,6,6,6,6,5,5,5,5,6,6,5,5,7
52,1,12,5,1,1,1,1,2,1,2,3,3,1,1,1,3,3,3,3,3,3,3,1,1,4,4,4,3,1,2,3,3,3,1,1,3,1,2,3,3,3,4,6,6,1,5,1,1,1,1,1,5,6,1,1,4,7,4,6,1,1,5
53,1,12,5,2,,,,1,1,2,3,4,4,3,4,2,4,2,3,4,3,2,3,4,4,4,4,4,4,3,3,4,3,3,2,2,3,2,3,2,5,6,7,6,4,2,4,5,5,4,3,4,4,3,4,4,5,3,4,2,1,1
54,2,12,5,1,1,1,1,4,2,2,3,4,4,4,4,4,4,4,3,4,3,2,3,2,4,4,4,4,4,2,4,3,1,2,1,4,4,4,3,4,4,4,5,3,4,1,4,5,5,4,4,3,4,1,4,4,1,5,3,4,2,1
55,2,11,5,2,,,,3,2,2,4,3,4,4,4,4,4,4,4,4,4,2,4,4,4,4,4,4,3,4,4,3,4,4,4,4,4,4,4,4,2,4,7,5,1,6,6,6,5,4,4,6,7,7,7,7,6,6,6,5,6,6
56,2,11,5,1,0,1,1,3,1,2,3,2,3,3,4,3,2,2,2,3,2,1,4,2,3,3,3,3,4,4,3,2,3,2,1,3,2,2,2,3,3,3,3,3,3,6,6,6,5,4,6,7,7,6,5,6,6,5,6,5,5,6
57,2,12,5,2,,,,1,1,1,1,2,4,4,4,4,4,2,4,4,4,1,3,4,4,1,4,4,4,4,4,1,2,3,4,3,4,2,2,3,4,6,5,6,7,4,6,6,6,5,7,5,7,7,5,6,5,5,6,7,7,7
58,2,11,5,1,1,1,1,3,2,2,3,4,3,4,2,2,3,3,1,3,2,3,3,4,2,3,3,1,1,3,3,3,2,3,3,2,4,2,3,3,2,4,6,5,4,5,5,4,3,6,5,5,5,5,5,4,5,4,5,5,5,5
59,1,12,5,1,1,1,1,4,3,2,1,1,1,2,2,1,1,2,1,1,4,4,4,4,1,1,1,4,4,4,1,1,4,4,1,1,4,4,4,1,2,1,6,2,1,1,1,4,1,1,4,1,4,4,1,1,1,1,1,1,4,4
60,1,12,5,1,0,1,1,3,1,2,3,3,3,4,3,4,3,2,2,4,2,2,4,4,2,3,3,3,2,4,2,2,2,2,2,3,2,3,3,3,5,3,3,4,2,2,6,5,2,6,5,6,6,5,3,3,4,5,6,4,5,6
61,1,12,5,1,0,1,1,3,1,2,4,1,2,4,4,1,1,1,1,3,4,4,1,4,4,4,1,1,4,4,4,4,1,4,4,1,1,1,1,1,2,4,3,5,1,1,1,1,1,1,1,1,1,1,1,1,1,1,1,1,1,1
62,2,11,5,1,0,0,0,2,1,2,4,4,3,4,3,3,4,4,3,4,4,2,3,3,3,3,2,4,3,3,3,3,3,4,4,4,4,3,4,2,2,3,4,3,2,5,5,5,5,5,5,5,5,5,5,5,5,6,6,5,5,5
63,2,12,5,2,,,,3,3,2,4,4,4,4,4,4,4,4,4,4,4,4,4,4,4,4,4,4,4,4,4,4,4,3,3,2,4,4,4,4,7,6,7,7,1,5,6,6,5,5,5,7,7,6,6,7,7,7,7,6,6,6
64,1,11,5,1,1,1,1,4,3,2,4,4,4,4,4,4,4,4,1,4,4,4,4,2,4,4,4,4,4,3,3,4,2,4,4,4,1,2,4,4,5,7,7,7,1,7,6,7,5,5,6,7,7,7,1,2,5,2,7,7,7,7
65,2,12,5,1,1,1,1,2,2,2,4,4,4,1,4,2,4,4,4,4,4,3,4,4,4,2,4,4,4,4,4,4,4,4,4,4,4,4,4,4,6,5,7,7,7,7,7,7,4,7,7,7,7,7,7,7,1,7,7,7,7,7
66,2,12,5,1,1,0,1,3,1,1,4,4,4,4,4,4,4,4,3,4,3,4,4,4,4,4,4,4,4,4,2,3,3,3,3,3,4,4,4,4,1,5,6,6,5,6,6,6,4,3,4,3,4,4,4,4,4,4,7,4,4,4
67,1,13,5,1,1,1,1,2,1,2,4,1,3,4,4,2,4,2,2,3,1,1,4,4,1,3,4,4,4,4,3,4,4,4,4,2,4,4,4,4,5,7,7,7,1,7,7,7,7,7,6,7,7,7,7,7,7,7,7,5,7,7
68,2,12,5,1,1,1,1,5,2,2,4,4,4,4,4,4,4,4,3,4,4,3,4,4,3,4,4,4,4,4,4,4,3,4,3,2,4,2,3,3,6,5,5,5,1,4,6,6,5,5,5,6,6,6,4,6,4,5,4,4,5,6
69,2,13,5,2,,,,4,3,1,4,1,4,2,3,4,2,2,2,4,1,1,1,1,1,2,3,2,3,3,2,1,2,3,2,2,3,3,3,2,5,7,3,1,2,2,3,7,5,3,7,7,7,1,1,5,4,3,2,5,5,1
70,2,13,5,1,1,1,1,1,1,2,3,3,4,4,2,2,2,4,3,3,2,3,4,2,4,3,3,3,3,4,4,4,3,3,2,1,3,2,4,3,5,5,4,2,1,5,6,7,7,7,7,7,7,7,6,7,7,5,7,7,7,7
71,2,12,5,1,1,1,1,5,1,2,1,3,4,3,1,4,4,1,2,1,1,1,3,4,4,4,4,4,4,4,4,4,1,4,1,4,4,4,4,4,2,3,7,1,1,4,4,4,4,4,4,4,4,4,4,4,7,7,1,1,1,4
72,2,12,5,2,,,,4,4,1,3,2,2,3,4,4,3,3,3,3,3,4,3,4,4,4,3,4,4,3,3,3,2,2,2,2,3,2,3,4,3,3,3,3,3,5,4,5,4,5,4,4,5,5,4,4,6,5,6,6,5,5
73,2,12,5,1,1,1,1,3,1,2,3,2,4,4,4,3,4,4,4,4,4,3,3,4,3,4,3,4,2,3,4,4,2,2,3,2,4,1,4,4,4,3,4,4,4,5,4,5,1,5,4,6,5,4,3,3,4,2,7,5,4,7
74,2,12,5,1,1,0,0,3,2,2,4,4,4,4,3,4,3,3,3,3,3,3,4,4,4,3,4,4,3,3,2,3,3,3,3,3,4,2,3,3,5,4,5,3,3,5,2,6,1,5,5,6,5,5,2,4,5,4,1,2,2,5
75,2,12,5,2,,,,4,3,2,3,2,3,1,2,4,4,3,1,3,3,1,4,4,3,4,3,4,2,2,3,3,2,2,2,4,3,4,3,4,1,2,1,4,1,1,3,4,5,1,2,5,5,1,4,1,5,1,1,1,1,1
76,2,13,5,1,0,1,1,3,3,2,4,4,4,4,4,4,4,4,4,4,4,4,3,4,3,4,4,3,4,4,4,3,3,3,2,3,3,3,4,4,4,7,7,7,3,1,1,1,1,2,1,1,1,1,2,1,2,3,2,3,1,3
77,1,12,5,1,0,1,1,3,2,2,3,3,3,4,3,4,4,4,2,3,1,1,4,4,4,4,2,4,4,4,4,4,4,1,4,4,4,4,4,4,6,6,6,5,2,2,3,6,5,1,1,7,5,5,2,7,1,6,6,4,5,5
78,1,12,5,2,,,,3,1,2,2,1,2,2,1,1,4,4,1,4,4,4,2,3,2,2,4,1,2,2,2,4,2,1,1,2,1,1,4,1,1,7,4,1,1,4,1,1,1,1,1,1,1,1,1,1,1,1,1,1,1,1
79,1,12,5,1,1,1,1,2,1,2,4,4,4,4,4,4,2,4,1,2,1,2,3,4,3,1,2,3,4,3,2,3,1,2,1,3,3,4,4,3,5,6,2,1,4,2,3,2,3,1,2,2,5,2,3,2,3,1,3,2,2,2
80,2,12,5,1,1,1,1,2,1,2,4,3,3,3,2,2,2,2,2,3,1,1,3,4,2,3,3,2,2,3,3,2,4,1,4,2,2,3,4,2,5,3,6,2,1,2,1,3,4,5,6,1,1,6,4,5,5,4,3,2,4,5
81,1,12,5,1,1,1,1,3,2,1,4,4,4,2,4,4,4,4,4,4,4,4,4,4,1,4,4,4,4,4,4,4,4,4,4,4,4,4,1,4,5,7,7,7,1,7,7,7,4,4,4,7,7,7,7,7,7,4,7,1,6,7
82,2,12,5,1,0,1,1,2,1,2,4,4,4,4,4,3,4,2,2,1,1,2,3,4,4,4,4,4,4,3,4,4,4,4,3,4,4,2,4,4,5,6,6,4,1,5,4,3,4,2,4,4,5,5,5,6,4,7,4,4,4,5
83,2,12,5,1,0,1,1,4,1,2,4,3,4,4,4,4,4,4,3,4,4,4,3,4,4,4,4,4,4,4,4,3,3,4,4,3,4,2,3,3,6,3,6,7,7,4,6,6,2,5,5,7,7,6,7,5,6,5,5,2,2,5
84,1,12,5,1,1,1,1,2,2,2,3,3,3,4,4,2,1,3,1,2,2,1,4,1,1,3,1,1,1,4,3,1,2,2,4,1,1,1,1,1,3,4,2,2,2,4,5,5,5,4,4,4,4,4,5,5,4,5,6,5,6,5
85,1,13,6,2,,,,2,1,2,4,3,4,4,4,4,1,4,3,4,4,4,3,3,4,4,4,2,4,4,4,4,4,4,4,1,4,1,3,4,4,7,5,6,1,7,7,7,7,7,4,6,7,6,4,4,6,5,1,5,5,3
86,2,13,6,1,1,0,1,2,2,1,4,2,2,2,3,4,3,3,4,1,1,4,3,4,2,4,4,4,4,2,3,4,4,2,2,3,4,2,4,4,4,5,6,4,4,3,5,6,2,2,2,6,5,6,6,6,6,6,6,6,6,6
87,2,13,6,1,1,0,1,4,1,1,3,2,3,2,2,2,4,2,4,3,3,2,4,3,4,4,4,4,4,3,3,3,4,3,3,4,4,4,4,4,6,5,7,3,5,5,6,7,5,6,6,7,7,7,6,7,7,6,5,4,4,5
88,1,13,6,2,,,,4,4,2,4,2,4,4,4,4,4,3,4,4,4,3,4,4,4,4,4,4,4,4,4,3,4,4,3,4,4,4,1,4,4,4,5,3,2,2,6,6,5,6,6,5,5,6,5,5,1,1,5,4,4,5
89,2,13,6,1,1,1,1,2,2,2,4,4,4,4,4,4,4,4,1,3,4,3,4,4,3,4,4,4,4,2,3,3,4,2,3,3,4,3,3,4,6,6,6,6,5,3,4,4,3,4,4,4,5,4,5,4,3,5,6,3,3,4
90,2,13,6,1,1,1,1,5,4,2,4,4,4,4,4,4,4,4,3,3,3,4,4,4,2,4,4,4,4,3,3,3,3,3,2,2,2,3,3,4,4,4,4,3,4,2,5,5,6,6,4,4,5,5,4,4,4,4,4,4,1,3
91,2,13,6,2,,,,5,4,2,2,3,1,4,3,2,3,1,1,3,1,2,1,1,3,2,1,4,2,2,2,4,1,2,2,2,2,3,2,3,5,6,7,3,6,1,2,4,3,6,7,4,6,6,3,2,7,4,6,6,5,7
92,1,13,6,1,1,1,1,3,3,2,4,2,4,4,4,4,4,3,4,4,4,3,4,4,4,4,4,4,4,4,4,3,4,4,3,4,4,4,3,4,4,4,5,3,1,5,6,7,5,6,6,7,7,7,6,7,5,5,6,5,6,7
93,2,13,6,2,,,,4,3,2,4,4,4,4,4,4,4,4,1,4,4,4,3,4,4,4,4,4,4,4,4,4,4,4,4,3,4,2,4,4,6,6,5,4,4,5,5,4,5,4,5,5,4,5,4,5,5,5,4,3,3,4
94,2,12,6,1,1,0,0,2,1,2,3,4,4,4,4,4,3,4,4,4,4,4,4,4,3,4,4,4,4,4,4,3,4,3,4,2,4,2,4,4,5,6,6,6,6,5,6,6,5,6,6,6,6,5,5,6,5,5,5,5,2,5
95,2,13,6,1,1,0,0,3,1,2,3,2,3,2,3,3,3,2,2,2,3,2,3,4,3,1,3,3,2,2,1,1,4,2,4,2,4,4,1,2,4,6,1,1,1,1,3,4,4,4,3,4,5,5,5,4,5,5,4,5,2,5
96,1,13,6,2,,,,1,1,2,4,1,4,4,4,4,4,4,1,4,4,4,4,4,1,4,4,4,4,4,4,4,4,1,4,4,4,4,4,1,7,4,7,7,1,6,6,6,6,7,6,6,5,6,5,7,5,7,6,6,7,6
97,1,12,6,1,1,1,1,4,4,1,1,1,1,1,1,1,1,1,2,4,1,4,1,3,1,2,1,4,1,3,2,1,1,1,1,1,1,4,1,1,1,3,1,1,1,1,1,1,1,1,1,1,1,1,1,1,1,1,1,1,1,1
98,1,12,6,1,1,1,1,1,1,2,3,3,3,4,4,3,2,2,3,3,2,2,4,4,3,2,3,3,3,3,3,3,3,2,3,3,3,3,4,3,4,4,4,4,4,5,5,3,5,3,5,3,5,6,3,1,1,1,1,1,1,1
99,1,12,6,2,,,,3,3,2,1,1,1,1,1,2,1,1,4,3,4,4,1,4,4,4,1,1,4,1,4,4,4,4,4,2,1,1,1,1,1,1,7,1,1,1,1,1,1,1,1,1,1,1,1,1,1,1,1,1,1,1
100,1,12,6,1,1,0,0,2,1,2,2,4,4,1,4,1,4,4,4,4,1,1,4,4,4,2,4,3,3,4,3,1,1,2,3,2,4,4,4,1,4,5,7,5,1,7,7,7,5,7,7,5,6,7,7,7,5,7,5,6,5,7
101,2,13,6,1,1,0,1,3,3,1,4,4,4,4,4,4,4,2,2,2,2,2,4,4,4,4,4,4,4,2,3,3,3,1,2,3,4,1,4,4,4,5,7,5,5,1,1,1,1,1,1,1,5,5,5,1,1,1,5,1,1,1
102,1,12,6,2,,,,2,2,2,2,2,3,2,3,3,2,3,2,2,1,2,3,3,3,4,2,3,1,3,3,3,3,2,2,1,2,2,2,2,3,2,4,2,2,1,2,5,2,3,5,5,2,2,5,2,3,5,3,1,2,2
103,1,12,6,1,1,0,1,2,2,1,3,2,4,1,3,4,4,4,2,2,1,1,3,2,2,4,4,4,4,4,4,4,4,3,4,1,4,1,3,3,4,3,5,5,1,3,5,5,2,3,5,4,5,7,7,1,7,4,3,3,4,6
104,1,12,6,1,1,1,1,2,2,2,4,4,4,4,4,4,4,4,4,4,4,4,4,4,4,4,4,4,4,4,4,4,4,4,4,1,4,4,2,4,6,6,7,7,4,4,4,4,4,4,4,4,4,4,4,4,4,4,4,4,4,4
105,1,13,6,2,,,,3,1,2,3,4,3,2,4,1,2,3,3,3,4,1,3,4,4,4,3,4,4,1,4,2,4,1,2,4,4,3,3,4,2,3,2,1,2,1,5,1,2,3,1,2,5,4,5,2,5,4,7,1,2,3
106,2,12,6,2,,,,2,2,2,3,4,4,1,4,2,4,1,4,4,4,4,4,4,4,1,4,3,4,4,4,4,4,4,3,2,4,4,3,4,6,7,7,7,4,5,6,6,5,7,7,5,5,5,6,5,7,6,6,5,5,5
107,2,13,6,1,1,0,0,4,1,2,4,4,4,4,4,4,4,4,4,4,3,4,4,4,4,4,4,4,4,4,4,4,4,4,3,1,4,2,2,2,6,6,6,6,2,6,6,6,2,5,6,6,6,5,7,6,5,5,6,2,5,7
108,2,13,6,1,1,1,1,3,1,1,4,2,3,4,1,4,4,4,3,4,3,1,1,4,4,4,4,4,4,1,4,4,4,4,4,1,4,1,2,1,5,2,1,5,3,1,6,5,2,2,7,7,2,2,2,2,2,2,5,6,7,2
109,2,13,6,1,1,1,1,5,4,2,4,4,4,4,4,4,2,4,4,4,4,3,4,4,4,4,4,4,4,4,3,4,4,4,3,3,4,3,4,3,5,3,7,5,2,6,6,6,5,5,5,5,5,5,3,7,3,7,5,4,6,6
110,2,13,6,1,1,1,1,5,3,2,4,4,4,4,4,4,4,4,3,3,3,3,4,4,4,4,4,4,3,4,3,3,3,4,3,3,2,3,4,4,3,3,6,2,4,5,5,6,2,5,5,5,6,6,7,5,2,2,5,5,4,6
111,1,13,6,1,1,0,0,3,3,2,2,2,2,4,4,3,4,4,3,3,3,4,4,4,4,4,3,4,2,3,2,3,4,4,3,4,1,3,3,2,5,4,5,4,3,5,4,6,5,6,4,5,4,4,6,5,6,6,6,4,6,5
112,2,13,6,2,,,,3,1,1,3,3,4,2,3,3,2,4,3,2,4,3,3,4,4,4,4,3,4,4,3,4,3,3,3,3,4,3,3,4,3,5,6,3,4,3,5,5,5,4,4,4,5,5,5,6,5,5,5,4,4,5
113,1,12,6,1,1,0,1,5,4,1,4,3,3,4,4,4,4,4,1,2,1,2,3,3,3,4,3,4,3,2,1,2,1,2,2,4,3,4,4,3,7,7,7,6,6,1,1,6,5,7,1,4,1,7,5,4,6,7,5,1,1,7
114,1,13,6,2,,,,4,4,2,4,4,4,4,4,1,4,4,4,4,4,4,4,4,4,1,4,4,4,4,4,4,4,4,4,1,4,4,4,4,4,5,7,1,7,7,7,7,5,6,7,7,7,7,4,7,1,7,1,1,1,7
115,1,12,6,2,,,,4,4,2,3,4,3,3,3,2,3,2,3,3,3,3,3,4,3,4,4,4,2,3,3,3,3,2,3,3,3,2,2,2,6,5,5,6,7,4,4,5,6,5,5,5,5,6,4,4,4,4,4,5,5,5
116,2,13,6,1,1,1,1,3,1,2,2,2,2,1,2,1,1,2,3,2,3,3,4,2,2,2,2,2,1,4,3,3,3,2,2,1,1,1,1,1,2,3,4,1,2,2,2,2,4,4,4,4,6,5,5,6,5,6,5,4,5,5
117,2,13,6,1,1,0,1,4,1,2,2,4,4,3,3,1,3,3,1,2,2,1,2,4,4,1,1,4,4,4,4,4,4,4,4,3,4,4,4,4,4,2,6,1,5,1,1,1,1,4,1,1,1,7,1,1,2,3,5,1,1,1
118,2,13,6,1,1,1,1,3,3,2,2,2,2,2,2,2,2,3,2,2,3,2,4,2,2,2,4,4,3,2,3,3,3,3,2,4,2,3,2,2,2,4,7,4,4,1,1,7,4,5,7,7,7,7,4,5,4,5,4,4,2,6
119,2,13,6,1,1,1,1,2,2,2,4,4,4,4,4,4,4,2,3,3,3,3,3,4,4,4,4,4,2,3,3,3,1,3,1,3,3,3,3,3,6,3,6,6,2,5,5,6,6,4,5,6,6,6,6,6,5,5,5,4,4,5
120,2,13,6,1,1,1,1,3,3,2,2,3,2,3,3,3,2,3,3,3,3,3,4,3,3,2,3,2,3,3,2,2,3,2,3,2,3,2,3,3,6,5,4,4,4,5,4,7,7,5,6,6,7,4,4,4,7,7,7,7,7,7
121,2,13,6,1,1,1,1,4,2,2,4,3,4,4,3,4,4,3,4,3,4,3,4,4,4,4,4,4,4,4,3,3,3,3,3,4,4,4,4,4,6,5,7,7,7,6,7,6,2,5,7,6,6,7,5,6,5,6,5,5,3,5
122,2,13,6,1,1,0,0,2,2,2,3,3,4,2,4,2,4,4,4,4,3,2,4,4,4,2,4,3,4,4,3,4,4,4,2,2,3,3,4,3,5,4,3,2,4,6,6,6,4,5,4,5,6,6,3,6,5,5,5,4,3,6
123,2,13,6,1,1,1,1,3,2,2,4,3,4,1,4,2,3,3,1,3,1,2,3,4,4,4,3,4,4,2,4,3,3,1,2,2,3,2,3,3,4,6,7,6,1,2,5,5,5,5,3,6,5,2,2,1,1,7,6,5,1,1
124,1,13,6,2,,,,1,1,2,4,2,4,3,3,4,1,1,3,1,1,1,4,4,2,4,1,4,4,3,4,3,2,4,1,1,1,3,1,2,1,2,3,1,1,1,2,1,1,1,1,1,1,1,3,1,1,1,1,1,1,1
125,1,13,6,2,,,,5,4,2,3,4,3,4,3,4,3,3,2,3,2,2,4,4,3,4,4,4,3,4,3,3,2,2,3,4,4,4,4,3,4,5,6,6,4,5,4,5,3,3,3,7,6,5,6,6,2,7,6,5,5,4
126,2,13,6,1,1,1,1,4,1,2,4,4,4,3,4,4,3,3,2,2,4,1,4,4,3,4,4,4,4,3,2,2,1,2,1,4,3,1,3,4,1,3,5,4,1,1,4,5,1,1,1,5,1,1,5,4,4,5,4,1,2,1
127,1,13,6,2,,,,3,2,2,3,3,3,4,3,4,4,3,2,2,4,3,3,4,3,3,4,4,4,4,4,2,3,3,3,3,3,1,3,1,3,5,6,4,1,3,5,5,5,5,5,3,3,3,5,3,1,6,3,1,1,1
128,2,13,6,2,,,,5,4,2,3,4,4,2,2,2,4,4,4,3,3,4,4,4,1,4,4,2,2,4,4,3,4,4,3,4,4,3,2,2,6,5,7,7,3,1,1,2,2,2,1,1,1,1,1,1,1,1,1,1,1,1
129,1,13,6,2,,,,4,4,2,4,3,3,4,4,3,4,3,2,2,3,3,4,4,3,4,4,4,3,3,4,2,3,2,3,2,1,2,4,3,3,5,3,2,1,6,6,6,5,4,4,6,6,4,5,6,5,4,5,4,5,5
130,2,13,6,2,,,,2,2,2,4,4,4,4,4,4,4,4,4,2,2,3,4,4,4,4,4,4,4,3,2,3,3,1,2,3,2,2,4,4,4,5,7,5,1,1,4,4,1,1,1,4,4,5,5,1,1,6,1,1,2,1
131,1,13,6,1,1,0,1,3,3,1,4,4,4,4,4,4,4,4,4,4,4,4,4,4,4,4,4,4,4,4,3,3,3,3,3,3,4,2,4,4,3,4,6,1,1,1,5,5,1,4,1,1,1,1,1,4,1,1,2,3,1,1
132,2,13,6,1,1,0,0,3,1,2,4,4,4,4,4,4,4,3,3,4,4,4,3,4,4,4,4,4,4,4,4,4,4,2,2,4,4,4,2,3,3,4,5,1,1,7,6,6,5,5,6,7,7,6,7,6,6,7,7,6,7,7
133,2,13,6,2,,,,2,2,2,4,4,4,4,4,4,4,4,4,4,4,4,4,4,4,2,4,4,3,4,3,4,3,4,4,2,4,3,3,4,6,7,4,1,1,2,3,4,4,4,4,5,6,5,6,7,5,1,4,4,3,3
134,2,13,6,2,,,,4,3,2,4,4,2,4,4,4,4,4,3,3,4,1,4,3,4,4,4,4,4,4,3,1,4,4,3,4,4,4,4,4,2,2,2,1,1,1,1,1,1,1,1,2,1,6,1,1,1,1,1,1,1,1
135,1,13,6,2,,,,3,3,2,4,4,4,1,4,4,4,4,4,4,3,2,4,4,4,4,4,4,4,3,2,3,3,4,3,4,4,1,4,4,5,4,7,7,3,5,5,5,5,5,5,5,5,5,5,5,5,5,5,5,5,5
136,1,12,6,1,1,1,1,3,3,2,4,4,3,2,3,3,3,2,3,2,1,1,4,3,2,3,2,2,3,3,2,2,3,3,3,3,2,3,2,2,3,4,1,1,1,1,6,5,4,4,5,4,3,4,3,4,3,5,3,4,4,4
137,2,13,6,1,1,1,1,3,1,2,4,4,4,1,2,1,4,3,4,1,4,1,4,1,3,3,3,3,4,4,4,4,4,4,1,4,4,2,4,2,4,6,6,5,7,5,5,5,5,1,4,4,4,4,6,6,6,7,7,7,7,4
138,2,14,6,1,1,1,1,4,2,2,4,3,2,2,4,3,3,3,2,4,4,4,3,4,2,4,4,4,2,3,3,3,3,3,2,1,1,2,3,4,3,5,7,7,4,2,1,1,1,1,1,1,1,1,5,1,1,4,4,4,1,1
139,1,13,6,1,1,0,0,3,1,2,4,4,4,4,4,4,4,4,1,4,4,4,4,4,4,4,4,4,4,4,2,1,3,3,4,4,4,4,4,4,7,7,7,7,7,3,2,7,5,5,5,6,7,6,6,5,5,7,7,1,1,5
140,2,13,6,1,1,1,1,4,4,2,4,3,4,4,4,4,4,2,4,4,3,2,4,4,2,4,4,4,4,3,3,3,4,3,2,3,3,2,3,2,5,6,7,7,1,4,5,5,1,4,5,4,6,5,5,5,5,6,4,4,5,6
141,2,13,6,1,0,1,1,2,2,2,4,3,4,3,3,4,4,2,4,2,2,1,4,3,4,4,4,4,3,2,3,2,3,1,2,2,4,4,4,3,5,4,4,4,5,5,4,6,1,2,2,4,4,5,4,4,3,7,6,5,4,3
142,1,13,6,2,,,,4,4,2,1,3,2,4,1,4,4,4,4,4,4,2,3,4,4,4,4,4,4,4,4,4,4,4,4,1,1,2,2,4,4,4,3,4,7,1,5,5,3,4,4,4,5,5,5,5,5,5,5,5,5,5
143,2,13,6,1,1,1,1,5,1,2,1,1,1,1,4,1,2,1,1,1,1,1,4,3,3,4,1,1,4,1,4,1,4,1,1,4,1,2,4,4,2,2,6,6,4,4,4,4,1,1,1,1,1,1,1,5,1,6,4,4,1,2
144,1,12,6,1,1,1,1,4,3,2,3,4,4,4,4,4,4,2,2,2,2,2,3,4,4,4,4,4,3,3,3,3,3,3,2,4,4,3,4,4,5,5,5,5,1,5,5,4,3,3,5,5,5,5,5,5,4,4,4,6,5,5
145,2,12,6,2,,,,4,4,2,2,2,3,3,3,2,2,3,2,4,4,4,3,4,1,2,3,3,2,3,4,3,3,3,2,2,4,3,2,3,5,5,5,4,1,3,2,3,1,1,1,2,4,3,4,1,5,5,1,1,1,3
146,1,12,6,1,1,1,1,3,3,2,4,3,4,3,4,4,4,1,4,3,4,4,1,1,1,1,2,2,3,4,4,4,4,3,3,1,2,2,3,3,7,5,5,3,1,1,1,1,1,1,1,1,1,1,1,1,1,1,1,1,1,1
147,2,13,6,1,1,1,1,1,1,1,3,3,3,3,3,3,3,3,2,1,2,2,3,3,3,4,3,4,4,2,2,2,2,3,3,3,4,3,3,3,3,4,5,5,2,5,5,4,5,6,5,5,5,5,5,5,5,4,4,5,5,5
148,1,12,6,1,1,1,1,4,3,2,2,3,4,4,4,3,2,2,1,4,4,1,4,4,4,4,4,4,4,3,4,4,4,3,3,1,4,4,3,3,2,5,4,5,1,1,5,6,1,4,5,7,6,1,7,5,5,1,1,1,1,1
149,1,13,6,1,1,1,1,2,1,2,2,1,3,1,1,1,1,3,4,1,1,1,2,4,1,3,2,2,3,1,2,2,3,1,3,4,4,2,2,2,4,5,3,1,1,1,1,1,1,1,1,1,7,1,1,7,1,1,1,1,1,1
150,1,12,6,2,,,,5,4,2,4,4,4,3,4,4,4,2,4,3,4,1,4,4,3,4,3,4,3,4,3,3,4,3,3,1,4,2,4,3,4,4,4,4,4,6,7,7,4,1,7,7,7,7,7,7,1,1,7,7,6,4
151,2,13,6,1,1,0,0,4,4,2,4,4,3,3,4,3,4,4,4,4,4,4,4,3,3,4,4,4,3,4,4,4,3,3,3,3,3,1,3,3,4,5,5,6,2,6,6,3,1,5,5,7,6,6,4,5,7,4,5,3,3,7
152,2,13,6,1,1,0,0,5,3,2,4,2,4,4,4,1,4,4,1,3,1,2,3,4,4,3,1,4,4,3,2,4,4,3,4,1,4,1,4,3,4,1,7,7,1,7,7,6,5,1,7,5,7,7,7,6,1,6,5,1,5,7
153,2,12,6,2,,,,3,1,2,4,4,4,4,4,4,4,4,4,4,4,4,4,4,4,4,4,4,4,3,2,2,4,4,4,2,4,2,2,3,5,7,7,6,4,6,6,6,4,3,5,5,6,6,5,7,4,7,5,4,5,4
154,1,12,6,1,1,1,1,3,1,2,1,1,4,4,2,2,4,3,2,4,4,1,3,4,2,1,2,4,4,4,4,4,4,2,2,3,4,1,4,4,5,5,6,7,5,5,4,1,2,4,4,5,1,7,2,5,4,4,3,4,2,5
155,1,13,6,1,1,0,1,2,2,1,3,4,3,1,4,3,4,1,1,3,1,1,4,4,4,4,3,4,4,3,3,1,1,1,1,4,2,3,3,4,2,3,2,1,1,1,1,1,1,1,1,1,1,1,1,1,1,1,1,1,1,1
156,2,12,6,1,1,1,1,4,3,2,3,3,2,4,3,2,3,3,3,2,2,2,4,3,,2,3,3,3,3,3,2,3,2,2,2,3,2,3,3,3,6,6,5,2,3,4,2,4,2,5,5,5,5,5,5,5,5,5,4,5,4
157,1,12,6,1,1,1,1,3,3,2,3,3,3,2,4,3,3,4,2,3,3,2,4,4,2,3,4,4,4,3,4,3,3,3,2,2,2,2,2,2,2,4,6,4,1,2,2,5,1,7,2,6,5,4,6,4,5,1,3,2,1,1
158,2,12,6,1,1,1,1,4,3,2,3,4,4,3,4,4,4,4,1,2,3,3,3,4,4,4,1,4,4,1,2,1,3,1,1,4,4,2,3,1,3,2,5,4,4,5,5,4,3,2,3,1,1,1,1,1,3,3,3,2,2,1
159,2,13,6,1,1,1,1,4,2,2,3,4,3,2,4,3,3,3,2,1,1,2,3,2,1,2,2,2,1,2,2,2,2,3,3,4,1,2,2,2,3,4,6,2,2,5,5,6,5,4,4,4,7,4,1,4,4,6,4,5,5,4
160,1,12,6,1,1,1,1,2,2,2,3,3,3,2,3,1,2,1,2,2,3,3,4,3,2,4,4,4,4,4,4,4,4,4,1,1,4,1,4,2,7,7,7,7,1,1,5,5,5,5,5,5,5,5,5,5,2,2,4,5,4,4
161,2,11,6,1,1,0,1,3,2,1,4,4,4,2,2,4,2,1,1,4,3,3,4,4,2,4,2,4,4,3,4,4,4,3,1,4,4,4,3,3,1,5,7,5,1,5,5,6,5,5,2,1,5,2,4,2,1,7,7,1,5,5
162,2,12,6,1,1,1,1,3,1,2,3,2,1,4,4,3,3,1,1,2,3,1,4,3,4,4,4,4,4,4,2,1,3,1,1,2,1,3,4,3,3,6,5,3,1,2,2,7,5,2,2,2,2,7,7,7,7,3,2,5,5,5
163,1,12,6,1,1,1,1,4,4,2,4,4,4,3,4,4,4,4,4,4,4,4,4,4,4,4,4,4,4,3,2,4,4,4,3,4,4,2,4,2,4,6,5,3,1,6,7,7,5,5,7,7,7,7,7,7,4,7,7,4,6,4
164,1,12,6,1,1,1,1,3,3,2,3,3,3,3,4,4,4,3,3,2,3,2,4,4,3,4,3,4,4,1,2,3,3,3,2,3,3,2,4,3,5,6,5,4,4,4,6,5,5,4,6,6,6,6,6,5,6,6,5,5,6,6
165,2,13,6,1,1,0,0,3,3,3,3,1,2,1,3,1,1,1,2,3,3,1,4,1,1,2,4,4,4,3,2,2,1,2,1,3,1,1,2,2,4,2,2,2,1,4,3,3,2,2,2,2,2,2,2,2,2,2,2,2,2,2
166,2,13,6,1,1,1,1,3,3,2,2,3,3,4,3,4,1,3,3,2,2,1,3,4,3,4,4,4,3,3,3,3,3,3,3,2,3,3,2,3,7,5,6,4,1,5,5,5,5,7,5,7,6,5,5,5,6,6,6,5,5,6
167,2,12,6,1,1,1,1,2,2,2,4,3,2,4,3,3,4,3,2,1,2,3,3,2,2,3,3,3,2,2,4,2,3,2,2,2,3,2,1,3,4,4,4,4,4,6,5,5,5,4,5,4,5,4,4,4,4,4,5,5,5,4
168,2,12,6,2,,,,5,4,2,3,3,4,2,4,4,4,4,4,4,3,2,4,4,4,1,4,1,4,2,2,2,2,2,1,4,4,4,4,4,5,6,7,2,2,6,7,7,6,5,6,6,6,6,5,6,2,5,3,3,2,4
169,1,11,6,1,0,1,1,2,1,2,3,4,4,2,1,1,1,3,4,4,3,3,4,3,4,4,4,4,4,2,4,3,3,1,2,1,3,2,3,4,4,5,7,5,1,4,4,4,4,4,4,4,4,4,4,4,4,4,4,4,4,4
170,1,12,6,1,1,0,1,2,2,2,4,4,1,3,4,3,2,3,2,1,1,4,4,4,4,3,4,4,1,3,3,3,3,2,3,4,3,2,4,4,7,5,7,4,1,1,7,7,7,7,7,7,7,7,7,7,7,7,6,7,7,7
171,1,12,6,1,1,1,1,3,2,2,3,3,3,2,4,2,4,2,4,4,4,3,4,4,1,2,3,2,1,4,4,3,2,1,2,1,1,2,3,1,3,3,7,6,1,5,7,4,2,1,4,6,5,5,4,5,7,2,4,3,6,7
172,1,12,6,1,1,1,1,4,1,2,1,1,1,1,1,1,1,1,2,2,4,1,3,2,4,1,1,2,3,4,4,3,3,4,3,2,4,1,4,2,1,3,6,1,1,1,5,2,2,2,2,7,5,5,5,5,2,6,6,1,1,6
173,2,13,6,1,1,1,1,3,3,2,4,4,4,4,4,1,3,3,2,4,4,4,4,4,3,4,4,4,4,4,1,4,4,4,4,3,2,2,4,2,5,4,5,4,5,4,4,7,4,4,4,4,4,4,4,4,4,4,4,4,4,4
174,1,11,6,1,1,1,1,3,3,1,3,3,3,3,3,4,3,3,2,2,2,2,4,3,3,4,2,3,3,3,2,3,3,1,3,2,4,1,3,4,4,7,7,4,4,4,5,4,5,5,4,4,4,5,3,5,5,4,4,5,5,4
175,1,12,6,1,0,1,1,4,4,2,1,3,4,4,4,4,4,3,3,3,3,4,4,4,3,3,4,3,3,3,4,2,4,3,2,1,4,2,3,1,5,5,7,2,2,5,6,6,5,6,6,5,5,6,4,6,2,2,6,1,5,4
176,1,12,6,1,1,1,1,4,4,2,1,3,2,3,4,1,3,4,3,1,2,2,3,4,2,3,4,3,3,3,1,3,2,2,2,3,3,3,4,4,1,3,7,4,1,3,4,4,4,4,2,2,1,2,4,4,3,1,6,7,2,3
177,2,12,6,1,1,1,1,4,4,2,4,3,3,2,4,4,4,4,2,1,1,3,3,4,3,4,4,4,3,3,1,1,2,1,2,4,3,4,3,3,2,4,4,4,1,4,5,6,5,5,5,6,6,5,5,6,6,6,6,5,6,6
178,2,12,6,1,1,1,1,3,2,2,4,3,4,3,3,4,3,3,3,4,3,2,4,4,3,4,4,4,3,3,2,3,3,3,3,3,2,3,3,2,5,3,5,4,3,6,6,6,5,5,6,6,6,6,6,5,5,6,6,5,5,6
179,2,11,6,1,0,0,0,3,1,2,3,3,4,4,3,4,4,4,3,2,2,1,4,4,3,4,4,4,3,3,3,4,3,2,2,4,4,3,4,3,5,5,6,4,1,5,5,5,4,3,4,5,5,6,4,5,5,6,5,3,5,6
180,1,12,6,1,1,1,1,4,2,2,4,4,4,3,4,1,4,4,1,1,1,4,4,3,3,4,4,4,4,1,1,3,1,1,1,4,3,4,4,4,1,1,2,2,3,1,1,1,1,1,1,1,1,1,1,1,1,1,1,1,1,1
181,1,12,6,2,,,,3,3,2,4,4,4,4,4,4,4,4,4,3,4,3,4,3,4,4,4,4,4,2,4,2,3,2,3,2,3,4,4,3,4,7,7,6,5,4,6,7,5,6,7,6,6,6,7,4,4,6,5,4,4,5
182,2,12,6,1,1,1,1,5,4,2,2,3,2,1,3,4,2,1,3,1,2,3,3,4,1,4,3,3,3,3,4,4,2,2,2,4,4,2,2,3,3,3,5,2,2,4,6,6,4,5,4,7,6,4,5,5,3,6,3,3,3,5
183,2,12,6,2,,,,4,3,2,4,3,3,3,4,4,3,3,2,2,3,3,4,4,2,4,3,3,4,4,4,4,4,4,4,2,3,2,2,3,6,7,7,7,6,2,5,6,7,5,5,5,5,6,6,6,6,6,6,5,5,6
184,2,12,6,1,1,1,1,2,2,1,2,4,3,3,3,4,4,4,3,4,4,1,3,3,2,4,4,4,4,2,3,4,3,2,1,3,4,3,3,2,3,3,3,3,2,6,6,6,6,6,6,6,6,6,6,5,6,6,6,6,7,7
185,1,13,6,2,,,,2,1,2,4,3,4,2,4,1,4,3,3,4,4,2,4,3,4,4,4,4,4,4,4,4,4,3,4,2,2,3,3,4,4,3,7,5,4,4,4,4,4,4,4,4,4,4,4,4,4,4,4,4,4,4
186,1,12,6,1,1,1,1,4,2,2,3,2,4,3,3,3,4,4,4,3,4,1,4,4,2,2,2,3,2,3,3,2,1,4,1,2,3,3,2,4,3,4,5,5,7,5,4,6,5,6,5,5,5,6,4,5,5,4,5,5,5,5
187,1,13,6,1,1,1,1,4,4,2,4,3,2,3,3,4,1,3,2,1,2,4,1,1,1,1,1,1,4,3,2,3,3,3,2,3,4,2,3,1,4,3,4,1,1,2,4,4,6,5,4,4,5,5,5,7,7,5,5,4,4,5
188,2,12,6,1,1,1,1,5,3,2,4,4,4,4,4,4,4,2,4,4,2,3,4,4,4,4,4,4,3,4,4,4,4,4,4,2,4,2,4,4,3,7,7,7,1,6,7,6,5,5,5,7,7,7,7,7,5,6,5,6,5,5
189,2,13,6,1,1,1,1,4,3,3,1,3,1,1,1,3,4,1,3,4,4,4,2,4,2,4,1,4,4,4,4,4,3,1,4,2,2,1,1,1,7,3,1,1,1,1,1,1,1,1,1,1,1,1,1,1,1,1,1,1,1,1
190,2,11,4,2,,,,4,4,2,4,4,3,4,4,1,4,1,4,4,4,4,4,4,1,4,4,3,4,4,2,3,3,3,1,2,4,2,4,1,6,7,7,4,1,2,7,2,7,7,7,7,5,5,7,6,6,7,7,7,7,7
191,2,11,4,1,0,1,1,4,4,2,4,1,4,4,1,4,1,4,3,1,2,4,4,1,4,4,4,4,2,3,3,1,3,3,3,4,3,2,4,4,4,5,6,6,3,2,4,2,2,1,4,4,1,4,6,3,6,7,5,4,4,7
192,2,11,4,2,,,,5,4,2,4,1,3,4,1,4,2,4,3,1,1,3,4,2,4,4,2,2,4,3,3,1,3,3,3,4,3,2,4,4,4,5,6,6,3,5,4,4,5,5,5,4,3,5,5,5,6,6,5,5,4,4
193,2,11,4,1,0,0,1,2,2,1,4,4,4,1,1,1,1,3,1,3,4,2,3,3,1,1,3,2,2,3,4,3,4,1,3,1,3,2,3,2,4,3,3,1,2,5,5,7,3,6,5,7,5,6,5,2,1,1,2,3,1,1
194,2,11,4,1,0,1,1,2,2,1,4,2,4,1,2,1,3,4,3,4,2,4,3,4,3,4,4,3,4,4,4,4,4,4,4,4,4,2,2,4,7,6,6,4,7,5,3,6,5,3,5,6,5,5,6,5,6,4,5,4,5,5
195,1,11,4,1,1,1,1,5,4,2,4,4,3,2,4,4,2,4,4,4,3,2,4,4,4,2,4,4,4,4,4,4,4,4,1,4,4,1,4,4,5,6,5,2,6,1,5,5,6,5,5,6,7,7,6,5,1,6,4,5,6,7
196,1,11,4,1,1,1,1,3,3,2,4,1,4,4,4,1,4,4,4,4,4,1,4,4,3,4,4,4,4,4,1,1,4,4,4,4,4,4,4,4,4,7,7,1,1,1,5,7,3,7,6,7,4,4,4,1,3,5,7,7,4,4
197,2,11,4,1,1,1,1,3,2,2,2,1,3,1,2,3,3,3,1,3,1,2,4,3,2,1,4,1,2,2,3,3,4,3,1,1,3,2,4,2,4,6,7,7,6,4,2,5,5,5,4,4,5,4,5,6,4,7,5,6,5,6
198,1,11,4,1,0,1,1,2,2,2,4,4,1,4,4,4,4,4,4,4,4,4,4,4,4,4,4,4,4,4,4,4,4,4,4,4,1,1,4,1,6,7,7,7,7,4,1,4,1,5,1,1,1,1,1,1,5,7,4,6,1,1
199,2,11,4,1,1,1,1,3,2,2,4,3,4,4,4,3,2,2,4,4,4,4,4,4,3,3,2,4,3,3,4,3,3,3,3,3,4,3,3,4,3,7,7,3,4,6,6,5,4,5,5,6,6,6,4,6,5,5,5,2,6,6
200,1,11,4,1,1,1,1,2,2,2,3,1,3,1,3,4,2,1,1,3,1,3,4,3,3,4,4,2,4,4,4,1,2,3,1,4,3,4,4,1,4,7,7,7,4,5,5,5,6,4,4,5,7,6,6,4,7,7,7,5,5,7
201,1,11,4,2,,,,3,3,2,4,4,4,4,4,4,4,4,4,4,4,4,4,4,4,4,4,4,4,4,4,4,4,4,4,1,4,1,4,4,5,7,7,7,7,6,6,6,5,6,6,6,6,6,1,6,6,6,6,6,5,6
202,1,11,4,1,1,1,1,3,3,2,4,4,4,4,4,4,4,4,4,4,1,4,4,4,4,1,4,4,4,4,4,4,4,4,4,1,4,1,4,4,7,6,7,7,1,7,7,7,7,7,7,7,7,7,7,7,7,7,7,7,7,7
203,1,10,4,1,1,1,1,4,3,2,4,3,2,3,3,2,3,1,2,4,4,2,4,4,3,2,3,2,3,3,4,2,2,3,4,1,1,1,3,1,4,3,7,1,1,5,4,6,5,4,1,7,6,5,6,7,6,7,4,3,4,5
204,1,11,4,1,1,1,1,3,2,2,3,4,3,4,4,4,4,2,3,2,1,2,4,4,4,3,2,4,4,3,2,1,3,1,3,2,4,3,4,2,4,5,5,4,1,5,5,6,5,4,4,4,4,5,6,5,3,4,5,4,4,4
205,1,11,4,1,1,1,1,3,3,2,4,4,4,3,4,4,3,3,3,4,3,3,4,4,4,4,4,4,3,2,3,2,2,3,3,3,4,2,4,3,3,3,3,7,4,2,2,5,1,2,2,5,5,4,5,3,3,3,1,3,4,3
206,2,11,4,1,1,0,0,3,2,2,4,4,4,4,4,4,4,4,4,4,4,4,4,4,4,4,4,4,4,4,4,4,4,4,4,4,4,1,4,1,7,5,7,7,7,7,7,7,7,7,7,7,7,7,7,7,7,7,7,5,7,7
207,1,11,4,1,1,1,1,3,3,2,4,4,4,4,4,4,4,4,1,4,4,4,4,1,4,4,4,1,4,1,4,4,1,1,1,1,4,4,4,4,5,7,7,3,5,7,7,7,7,7,7,7,7,7,7,7,1,7,1,1,7,7
208,1,10,4,1,0,1,1,5,4,2,4,2,2,1,4,3,2,1,4,4,4,4,1,4,4,3,4,4,3,4,4,4,4,1,3,3,3,2,3,1,5,3,5,7,1,5,5,5,4,7,2,3,6,4,3,5,2,3,7,4,2,7
209,1,10,4,1,1,1,1,2,2,2,4,2,1,3,4,3,3,3,3,3,2,3,4,1,4,4,4,4,4,4,4,1,1,1,2,3,2,2,2,3,1,7,7,1,7,4,4,4,4,4,4,4,4,4,4,4,4,4,4,4,4,4
210,2,11,4,1,0,1,1,2,2,2,2,3,4,3,4,3,2,1,2,2,1,3,4,4,4,4,4,4,3,4,4,4,3,2,4,2,3,3,4,3,2,4,3,4,1,5,4,3,6,4,4,5,3,5,3,4,4,5,6,4,4,5
211,2,11,4,1,1,1,1,2,1,2,1,4,2,3,3,2,3,1,2,3,3,1,3,3,3,1,1,4,1,4,3,1,3,2,1,2,3,3,2,3,5,6,4,4,3,5,3,4,5,1,3,4,6,4,1,7,5,4,6,2,1,7
212,2,12,4,1,0,1,1,2,1,2,4,4,4,4,4,4,3,4,2,2,2,2,3,4,4,2,2,3,4,3,3,1,3,3,3,4,4,4,4,4,7,7,7,7,7,7,7,7,7,7,7,7,7,7,4,4,7,7,4,4,7,4
213,2,11,4,1,1,1,1,3,1,1,4,3,4,3,1,2,4,3,3,4,3,3,3,4,2,4,3,2,4,3,3,3,4,1,3,1,2,3,4,3,1,4,7,6,4,1,5,6,2,2,5,6,1,5,6,5,5,1,2,6,2,3
214,2,11,4,2,,,,4,1,2,4,4,4,4,4,4,4,4,4,4,4,4,3,4,4,4,4,4,4,4,4,4,4,4,4,4,1,2,4,4,6,7,7,2,1,7,7,7,5,6,7,7,7,7,7,7,7,7,7,7,7,7
215,2,11,4,1,1,0,1,5,3,1,2,4,2,3,4,2,3,4,3,2,1,3,2,3,4,2,3,4,2,3,,2,3,2,1,1,1,3,3,2,3,3,6,2,2,4,5,6,2,5,5,2,5,4,1,2,4,2,4,2,4,5
216,2,10,4,1,1,1,1,4,1,2,4,4,4,2,3,4,3,4,2,3,2,2,3,4,4,4,4,3,3,2,2,2,3,2,2,3,4,3,4,2,5,4,4,3,4,4,3,4,4,3,4,1,2,4,4,3,4,4,3,4,3,4
217,1,10,4,1,0,1,1,3,1,1,3,4,3,1,4,1,1,1,1,2,1,4,1,4,4,1,1,4,1,1,4,4,4,4,1,1,2,1,1,4,1,6,4,1,1,5,4,5,2,1,5,5,5,5,4,5,4,2,5,4,5,5
218,1,10,4,1,1,0,1,3,3,1,2,2,2,1,2,2,3,3,3,3,3,4,3,4,3,2,4,4,4,4,4,4,4,4,4,2,4,1,4,3,6,3,3,3,6,3,3,7,2,2,1,5,5,5,4,4,5,2,3,4,4,5
219,1,11,4,1,0,1,1,2,2,1,3,2,3,3,3,3,3,2,2,3,2,2,4,3,2,3,2,2,3,2,2,3,2,2,2,3,2,3,3,3,3,3,5,3,2,4,5,4,5,4,5,4,4,5,4,4,5,5,4,5,4,4
220,1,12,4,1,0,1,1,4,2,1,4,3,4,3,4,4,4,3,3,3,4,2,4,4,3,4,4,4,4,2,3,3,2,2,3,4,4,1,4,4,2,5,6,4,1,5,6,6,5,6,4,7,6,6,4,5,6,6,5,5,4,5
221,1,11,4,2,,,,2,1,2,4,4,4,4,4,4,4,4,4,4,4,4,4,4,4,4,4,4,3,4,3,4,4,4,4,3,3,1,4,3,4,2,7,3,1,7,7,7,5,5,7,4,7,7,7,7,7,7,5,5,5,4
222,1,12,4,1,0,1,1,2,1,2,2,3,3,3,3,3,3,2,4,2,3,2,3,4,1,4,3,3,3,3,4,3,3,2,2,3,4,3,2,3,4,5,5,4,1,5,6,6,6,6,6,6,6,5,6,4,7,7,6,6,5,6
223,1,11,4,1,1,1,1,4,1,2,2,2,1,2,2,2,4,2,4,3,3,4,4,4,4,4,2,4,1,3,4,3,3,1,1,4,1,1,4,4,1,7,7,1,7,4,1,5,5,4,3,5,5,5,4,5,4,4,4,4,4,4
224,2,10,4,1,1,1,1,3,2,2,4,2,3,4,4,2,4,4,2,4,1,1,4,4,4,3,4,3,4,3,3,2,2,2,1,2,4,2,3,4,2,7,7,1,1,5,2,5,6,5,5,7,1,6,5,3,1,2,4,4,2,6
225,2,10,4,1,1,1,1,5,3,2,4,4,3,4,3,4,4,4,2,1,1,1,3,3,4,4,4,4,4,1,1,1,1,1,1,4,4,1,4,4,7,1,7,1,1,5,5,6,2,2,3,7,6,1,1,2,1,5,4,5,5,5
226,2,11,4,1,1,0,0,3,1,2,3,1,4,3,3,3,4,3,1,1,2,2,4,3,4,4,3,4,4,4,2,1,1,4,1,3,4,3,4,4,2,5,6,2,2,4,6,6,3,2,6,2,6,5,5,5,6,5,6,4,6,7
227,2,11,4,2,,,,4,3,2,4,4,4,4,4,4,4,4,4,4,4,1,4,1,4,4,4,4,4,4,4,4,4,4,4,4,1,4,4,4,6,5,7,7,7,5,7,7,6,6,7,7,7,6,4,6,6,7,6,5,5,5
228,2,11,4,2,,,,2,2,2,4,4,4,4,4,4,4,4,4,4,4,4,4,4,4,4,4,4,4,4,1,4,4,4,4,4,4,4,4,4,7,6,7,6,7,5,7,7,5,5,7,7,6,7,4,7,5,5,4,4,4,5
229,2,12,4,2,,,,2,2,2,4,4,4,4,4,4,4,4,3,4,4,4,4,4,4,4,4,4,4,4,4,3,3,3,3,2,4,3,4,4,2,4,7,4,5,6,5,6,5,4,5,5,5,5,5,5,5,6,5,6,6,6
230,1,12,4,1,1,1,1,3,3,2,4,4,4,1,2,4,4,4,4,4,4,1,4,4,2,4,4,4,4,2,1,1,4,2,4,4,4,2,3,3,3,7,6,4,7,2,6,3,4,4,3,3,4,4,4,4,5,7,2,3,4,1
231,1,11,4,1,1,1,1,5,2,2,4,4,4,3,4,3,4,4,4,4,4,3,4,4,4,4,4,4,3,4,3,3,4,3,4,4,4,4,3,4,3,7,7,6,7,6,6,7,5,7,6,5,6,7,4,6,6,7,7,6,6,7
232,1,11,4,2,,,,3,2,2,4,4,4,4,4,4,4,4,2,2,2,2,4,4,4,4,4,4,4,2,2,2,1,2,2,4,4,4,4,4,6,7,7,7,7,2,5,1,7,7,1,1,1,1,1,7,7,1,7,1,1,1
233,1,11,4,1,1,1,1,2,2,2,4,3,2,1,2,1,4,3,2,1,2,1,2,1,3,2,3,2,3,3,2,2,2,2,1,3,3,4,1,3,2,3,2,4,4,2,,3,4,4,3,7,4,6,5,6,3,7,3,5,4,3
234,2,10,4,1,1,1,1,4,1,2,2,4,4,3,4,1,4,4,3,4,4,4,4,4,3,1,3,3,4,3,4,4,4,3,3,4,2,4,3,4,4,7,7,7,6,7,4,6,5,5,6,5,5,7,7,7,7,7,7,7,6,5
235,2,10,4,1,1,1,1,4,4,2,1,4,4,1,4,1,4,4,3,4,4,4,4,4,3,1,3,4,4,4,4,4,4,3,3,4,2,4,3,4,7,7,7,7,7,7,7,7,1,1,7,1,7,7,1,7,7,7,7,7,7,7
236,2,10,4,1,1,1,1,4,2,2,3,2,3,3,4,4,2,3,3,4,4,4,3,3,2,1,3,4,4,3,1,2,3,1,1,4,4,2,2,4,1,4,6,4,1,5,1,7,1,2,6,1,5,7,4,1,1,5,7,7,7,6
237,2,10,4,1,0,1,1,5,3,2,3,2,3,3,4,4,2,3,3,4,4,4,3,3,2,1,3,4,4,3,1,2,3,1,1,4,4,2,2,4,1,4,6,4,1,5,1,7,1,2,6,1,5,7,4,1,1,5,7,7,6,6
238,2,10,4,1,1,1,1,4,4,2,4,4,4,4,3,4,4,2,4,4,2,2,4,3,3,3,3,3,3,2,2,1,4,2,2,4,2,3,2,4,1,7,6,3,1,6,5,5,4,5,3,5,5,5,4,4,5,5,4,3,4,5
239,1,11,4,1,1,1,1,4,2,2,4,2,2,4,2,4,3,4,4,3,1,1,4,3,3,2,3,3,3,3,1,1,1,2,1,3,3,2,4,4,5,6,7,6,1,1,2,4,4,1,2,1,2,2,2,1,1,2,2,2,4,1
240,1,10,4,1,1,0,1,2,2,1,4,3,4,1,2,4,3,4,3,2,4,1,3,4,1,2,3,4,3,3,1,4,1,3,2,3,3,3,1,3,3,1,6,5,3,1,2,4,4,3,7,5,4,2,4,1,4,3,4,3,5,4
241,1,12,4,1,1,0,1,2,2,1,3,1,3,1,3,3,3,2,3,2,4,3,2,3,2,3,4,3,2,2,4,2,3,2,3,2,3,3,2,1,2,4,6,7,6,4,5,6,4,4,4,4,6,4,4,4,4,4,7,6,5,7
242,2,10,4,1,0,1,1,5,1,2,2,3,2,3,2,2,3,3,3,3,3,4,3,3,4,3,2,3,3,2,2,3,3,2,2,4,4,3,3,3,4,4,5,3,4,4,4,4,4,3,3,4,4,5,4,4,3,4,3,4,4,5
243,2,11,4,1,1,1,1,3,1,2,3,4,4,4,4,4,4,2,4,4,4,4,4,4,4,3,3,4,4,4,4,4,4,3,4,2,3,2,3,4,5,6,7,3,1,5,7,4,6,4,7,7,6,7,7,7,6,7,6,6,6,7
244,2,10,4,1,1,1,1,5,1,2,2,4,3,4,4,1,2,1,1,1,2,4,2,1,1,2,1,4,4,1,1,4,1,2,2,1,4,3,1,1,3,1,1,2,4,2,4,7,5,1,4,7,7,7,6,6,5,7,6,7,5,7
245,1,11,4,1,1,1,1,3,2,2,4,4,4,4,4,4,4,4,4,4,4,4,4,4,4,4,4,4,4,4,4,1,4,1,1,4,4,4,4,4,6,7,7,7,7,2,5,1,7,7,1,1,1,1,1,7,7,1,7,1,1,1
246,2,11,4,1,1,0,0,4,3,2,4,4,4,4,3,4,4,4,3,2,4,1,4,4,4,4,1,4,4,2,3,1,4,2,1,4,3,2,4,4,1,7,6,3,1,6,1,4,4,4,6,7,6,6,4,4,1,7,5,4,4,4
247,2,10,4,1,1,1,1,3,2,2,3,3,3,3,3,3,3,3,2,2,2,2,3,4,3,3,3,3,3,2,2,2,2,1,2,3,4,3,4,3,3,4,6,3,4,4,5,4,4,4,5,5,5,5,5,5,4,4,5,5,5,5
248,1,12,4,1,0,1,1,3,1,1,4,3,4,4,4,3,4,1,3,2,3,2,2,4,4,4,4,4,3,1,4,4,4,2,2,2,4,3,3,3,4,4,7,2,7,2,1,1,1,1,1,1,4,2,1,1,3,3,3,2,2,2
249,1,11,4,1,0,1,1,3,3,2,4,3,4,1,4,4,4,2,4,4,4,1,4,4,4,4,4,4,1,4,4,4,4,4,4,1,4,1,2,2,6,6,6,1,1,4,7,7,6,5,7,7,6,7,5,6,6,6,5,5,4,6
250,2,10,4,1,1,1,1,3,3,1,2,2,2,4,4,4,4,4,3,3,3,3,4,4,4,2,4,3,4,3,3,3,4,3,3,2,2,2,4,2,2,3,4,1,1,2,2,2,3,4,4,4,5,3,5,4,3,4,3,4,4,5
251,2,10,4,2,,,,5,4,2,4,3,4,3,4,4,3,4,4,4,4,4,4,4,4,3,4,4,2,3,4,3,4,4,3,2,4,3,4,3,4,6,4,1,2,5,1,6,2,2,5,1,4,5,5,4,4,6,4,2,4,7
252,1,12,4,1,1,0,0,1,1,2,4,4,4,4,4,4,4,4,1,1,1,1,4,4,4,4,4,4,4,1,1,1,4,3,3,4,4,4,4,4,6,7,7,7,6,5,6,7,7,7,6,4,5,5,5,5,5,5,5,5,5,5
253,2,10,4,1,1,1,1,5,4,2,4,3,2,2,3,4,4,4,1,2,2,2,4,4,2,4,3,2,4,3,1,2,1,2,3,3,4,3,3,3,1,3,7,1,7,3,7,7,4,6,4,5,4,4,6,4,5,6,1,2,4,1
254,2,11,4,2,,,,4,3,2,4,4,4,4,4,4,4,4,4,1,4,1,4,4,4,4,4,4,4,4,1,4,4,4,1,1,4,4,4,4,1,7,7,7,1,7,7,7,1,7,7,7,7,7,1,7,1,7,1,1,1,7
255,1,9,4,1,0,1,1,1,1,2,4,1,4,1,4,4,4,1,2,3,4,1,4,4,4,4,4,4,2,4,4,4,4,2,2,1,4,4,4,1,1,6,4,1,5,3,7,4,7,3,4,7,4,7,4,4,1,7,4,1,4,4
256,1,11,4,2,,,,4,4,2,3,3,2,2,3,4,3,3,2,3,3,4,4,4,3,4,4,4,4,4,4,3,3,4,4,4,4,4,3,1,5,7,7,6,4,5,5,4,6,6,3,5,6,5,6,4,5,6,5,4,4,5
257,1,10,4,2,,,,3,3,2,4,3,4,1,4,1,4,1,3,2,4,3,4,4,4,2,4,4,4,4,4,1,4,4,4,1,4,3,2,4,7,7,7,7,7,4,4,4,5,7,7,7,7,4,4,4,4,4,4,4,4,7
258,1,10,4,1,1,1,1,2,2,1,4,4,4,2,3,4,2,4,3,4,4,3,3,3,4,1,3,4,2,3,4,2,3,3,3,3,4,3,4,2,1,3,7,7,4,2,3,5,5,3,6,5,4,6,6,6,6,5,5,6,6,6
259,1,10,4,1,1,1,1,3,3,2,4,4,3,1,2,2,1,1,2,3,4,4,4,1,4,1,4,4,3,4,4,1,4,1,1,1,4,1,4,1,1,3,1,1,7,7,7,7,5,7,7,7,7,7,1,7,1,1,7,7,7,7
260,1,10,4,1,1,1,1,5,4,2,1,1,1,4,4,4,4,4,4,4,4,3,4,4,3,4,3,4,3,4,3,1,3,1,2,3,4,4,4,2,1,2,1,1,2,5,4,7,1,1,5,7,4,4,1,2,5,1,1,1,1,1
261,2,11,4,1,1,1,1,2,2,2,4,4,4,1,4,4,4,4,4,4,4,4,4,4,4,4,4,4,4,4,4,4,4,4,3,3,4,2,4,4,5,5,1,1,1,7,7,7,3,1,7,7,7,7,7,7,6,7,6,7,7,7
262,2,10,4,2,,,,5,4,2,4,2,4,4,4,4,4,3,3,4,4,2,4,4,4,3,3,4,2,3,3,3,4,1,2,1,4,2,4,4,4,7,6,7,4,5,5,7,3,3,4,5,4,7,5,6,6,1,4,4,5,7
263,2,10,4,1,1,0,0,4,2,2,4,3,3,2,2,2,3,4,2,3,2,2,3,4,3,3,3,3,2,3,4,4,4,3,2,1,3,1,3,3,4,2,5,5,3,5,5,4,2,5,4,4,4,4,2,2,5,4,4,4,3,3
264,1,11,4,1,1,1,1,2,2,2,3,3,3,2,3,4,4,2,3,3,3,3,3,4,4,4,4,4,3,3,3,3,2,2,3,4,4,4,3,2,5,5,5,3,1,3,7,7,7,7,6,6,6,6,7,7,7,5,5,6,5,5
265,2,11,4,1,1,1,1,3,2,2,3,4,3,1,3,4,3,3,3,2,1,3,3,1,1,3,3,4,4,2,3,3,3,3,2,4,1,1,2,3,3,4,3,3,3,7,6,7,4,4,4,7,7,7,7,6,5,2,2,1,6,7
266,1,10,4,1,1,1,1,2,1,2,2,2,1,1,1,4,1,1,3,2,3,2,4,2,1,3,3,4,2,3,3,3,4,3,1,4,1,3,4,3,4,5,1,1,4,4,7,6,3,7,4,5,7,6,7,5,1,1,7,4,4,6
267,1,11,4,1,1,0,0,3,3,2,3,3,3,3,4,4,4,4,1,1,1,1,4,3,3,3,3,3,4,1,2,2,2,2,1,4,4,4,4,4,1,2,1,2,2,1,1,1,5,1,1,2,2,2,2,2,1,1,1,1,1,1
268,1,9,3,1,1,1,1,3,3,2,2,2,2,1,3,2,3,1,2,2,3,2,3,2,2,2,4,3,3,2,3,2,1,2,2,3,1,3,2,2,2,3,1,4,1,5,3,4,2,3,2,3,4,3,3,4,2,2,2,4,2,2
269,1,10,3,2,,,,2,2,1,4,2,4,1,4,3,3,4,1,3,4,3,3,3,4,4,4,3,2,2,4,3,1,2,1,4,3,1,2,4,4,1,2,1,1,7,1,2,2,1,4,2,3,5,1,6,4,1,4,4,4,1
270,1,10,3,1,1,1,1,2,2,2,2,1,4,4,4,4,4,4,1,1,1,1,4,3,1,2,4,3,2,2,4,3,1,3,1,4,1,1,2,4,2,1,1,7,1,2,4,4,4,4,4,1,1,1,1,1,1,3,2,1,1,1
271,2,10,3,1,0,0,0,4,3,2,2,4,2,2,4,4,2,3,4,4,3,4,4,4,4,2,4,4,4,4,4,4,1,3,1,2,4,4,2,3,5,6,7,1,1,5,4,4,2,5,5,4,5,6,5,4,3,7,7,5,6,5
272,1,10,3,1,1,1,1,4,3,2,2,4,3,2,4,2,2,3,3,2,2,3,4,3,2,1,2,3,4,3,3,2,3,2,3,4,3,2,3,4,2,4,5,5,4,4,3,5,7,7,5,4,3,6,5,7,2,5,5,6,4,5
273,1,10,3,1,1,1,1,4,3,2,3,4,3,3,4,2,3,2,2,3,2,3,4,2,2,3,2,3,3,2,4,4,4,3,4,2,3,3,2,3,4,1,3,3,2,3,4,2,3,4,3,4,3,4,2,4,3,3,4,3,4,2
274,1,10,3,1,0,1,1,2,2,1,4,1,3,1,1,1,4,1,4,3,2,2,4,2,3,2,2,4,1,3,3,2,2,2,4,3,3,1,3,2,1,3,1,2,4,2,1,1,1,1,3,3,4,4,4,4,4,4,4,5,5,5
275,1,10,3,1,0,1,1,3,3,2,4,3,3,4,2,4,3,2,2,4,4,2,3,2,3,3,2,3,1,2,4,2,3,2,1,2,3,2,3,2,1,2,4,3,4,1,2,1,5,1,2,4,6,1,1,4,4,1,4,1,4,2
276,1,10,3,1,0,1,1,2,2,2,1,4,3,4,3,4,3,4,2,1,3,2,4,2,4,2,4,4,3,3,1,1,1,1,1,4,3,3,3,3,1,1,2,2,7,7,7,1,1,1,2,2,3,4,4,4,1,2,3,4,5,7
277,2,9,3,1,0,1,1,3,1,2,4,1,4,4,1,4,4,4,4,3,1,3,4,4,4,4,3,4,4,1,4,1,4,1,4,4,1,4,4,3,7,6,4,7,4,1,4,4,1,4,4,1,4,5,4,5,1,4,4,4,1,5
278,1,10,3,1,0,0,0,3,2,1,3,3,3,3,3,4,3,2,3,3,4,2,4,1,3,2,2,2,3,3,3,2,2,3,2,2,2,2,3,2,6,1,1,2,4,6,7,2,3,5,6,3,7,5,3,6,5,3,3,3,6,5
279,2,11,3,2,,,,2,2,1,4,4,3,3,4,4,3,4,4,3,4,1,4,4,4,4,4,4,3,4,2,1,4,2,1,4,4,4,3,3,2,6,6,4,1,5,5,5,3,4,4,5,5,5,4,4,3,5,4,4,4,5
280,2,10,3,1,0,0,0,5,1,2,4,1,1,4,2,4,1,1,2,1,2,1,4,4,1,3,4,4,4,1,2,1,2,3,1,3,4,1,3,2,3,2,7,3,1,5,4,4,5,2,6,5,3,5,1,2,1,3,5,5,3,2
281,1,9,3,2,,,,2,2,2,2,4,3,4,1,2,1,4,4,4,3,2,4,4,4,4,2,3,4,3,3,3,2,3,2,4,4,2,4,4,4,6,6,7,4,7,7,7,5,7,7,5,5,7,7,6,5,7,5,7,5,7
282,1,10,3,1,0,1,1,4,4,1,1,4,1,4,1,1,1,4,4,4,4,4,4,4,4,1,4,4,4,4,4,4,4,4,4,4,1,1,4,4,7,7,7,7,1,4,4,4,4,7,4,4,4,4,4,4,4,4,4,4,4,4
283,2,10,3,1,1,1,1,2,2,2,4,2,3,4,4,1,3,2,2,3,3,4,3,1,2,1,1,2,3,4,2,4,2,3,4,1,3,1,1,1,5,4,1,1,1,5,7,7,7,7,4,4,1,7,7,7,7,7,7,7,7,7
284,2,10,3,2,,,,4,2,2,4,2,2,1,4,3,3,2,4,2,2,1,4,2,2,4,4,4,3,3,3,3,3,4,3,3,1,3,2,3,4,6,5,6,3,5,4,5,3,4,5,6,4,5,3,6,4,4,3,5,5,6
285,2,10,3,1,0,1,1,3,2,1,4,2,2,1,4,3,4,3,1,2,3,2,4,2,3,1,2,2,4,3,4,3,1,2,3,3,1,3,2,2,7,7,7,4,1,4,3,5,2,4,6,4,4,4,5,3,5,6,4,5,4,5
286,1,9,3,1,1,1,1,3,3,2,4,3,4,4,4,1,1,1,4,4,4,1,4,4,1,1,4,1,1,3,2,2,4,3,1,2,3,1,1,1,4,6,1,4,3,4,4,4,4,4,4,4,4,4,4,4,4,4,4,4,4,4
287,2,10,3,2,,,,2,2,2,4,4,4,4,4,4,4,1,4,4,4,1,4,4,4,4,4,4,4,3,4,3,4,3,2,4,4,4,4,4,4,7,6,6,6,6,6,3,3,7,7,6,6,7,7,7,5,5,7,5,5,6
288,1,9,3,1,0,1,1,5,3,2,3,3,3,3,2,2,3,3,3,4,3,3,4,3,3,3,4,4,2,3,3,3,3,3,3,3,3,2,3,3,4,7,7,6,5,1,5,5,5,4,4,5,5,5,5,5,3,3,3,3,3,3
289,1,10,3,1,1,1,1,4,4,2,3,4,3,4,3,3,4,2,1,3,2,1,2,1,3,1,3,4,3,2,2,2,1,1,3,2,4,3,2,4,6,6,7,6,7,2,2,1,2,2,3,1,3,4,3,4,6,6,6,1,2,4
290,1,11,3,2,,,,4,4,2,3,4,1,4,4,4,3,4,1,3,4,1,3,4,4,4,4,2,2,4,3,1,4,4,4,4,3,2,3,2,4,3,5,3,4,2,3,4,2,4,1,3,2,2,3,3,2,3,5,3,6,7
291,2,11,3,1,1,1,1,4,3,2,3,1,4,4,4,4,4,2,2,4,2,1,3,4,3,1,3,4,2,4,4,4,4,1,3,4,4,4,2,3,1,4,3,2,1,6,1,5,4,4,7,5,4,4,5,5,5,5,6,4,6,7
292,1,10,3,1,1,1,1,2,2,2,4,3,3,1,4,4,4,4,4,4,4,1,4,4,4,4,4,4,4,4,4,4,4,1,3,4,4,4,4,4,7,4,7,7,1,1,5,5,6,1,1,7,6,4,1,1,1,1,4,4,4,4
293,2,10,3,1,0,1,1,3,1,2,2,1,2,1,3,2,1,1,3,2,4,1,2,1,1,1,1,4,3,2,4,2,3,1,2,1,4,2,4,4,1,1,5,1,1,4,4,4,4,4,4,4,4,4,4,4,4,4,4,4,4,4
294,1,10,3,2,,,,2,2,2,4,4,4,4,4,3,2,3,2,3,2,1,3,4,3,4,4,4,3,1,2,3,2,2,1,2,4,3,4,4,1,1,4,2,1,2,2,5,2,2,5,2,2,2,2,2,4,2,4,3,1,3
295,1,11,3,1,1,1,1,2,2,2,4,4,4,1,1,4,4,1,4,4,1,4,3,1,1,4,1,4,3,4,4,2,1,1,1,1,4,3,4,3,2,3,2,4,2,5,4,2,4,3,4,1,2,3,4,4,4,4,3,2,3,2
296,2,10,3,2,,,,4,1,2,3,4,4,2,2,4,4,4,3,2,1,3,4,3,3,2,3,4,4,2,2,1,2,2,1,4,3,2,3,3,4,6,4,3,3,5,4,4,3,2,3,5,4,4,4,3,3,2,2,2,2,3
297,1,11,3,1,0,1,1,3,3,2,1,4,3,4,2,1,4,4,2,3,1,1,3,3,2,3,1,1,3,3,1,4,3,3,2,4,2,1,3,1,5,6,6,5,4,6,1,3,4,2,3,5,4,3,6,4,3,4,5,1,2,7
298,2,10,3,1,1,1,1,3,2,2,3,3,3,4,4,1,1,4,4,4,4,4,4,4,4,4,4,3,4,4,4,4,4,3,4,3,3,4,4,4,7,4,7,4,1,6,5,4,2,7,5,6,6,5,7,7,7,7,4,5,6,7
299,2,10,3,1,0,1,1,3,2,2,3,3,3,2,4,4,4,2,2,2,2,3,3,2,3,3,2,3,4,3,3,3,2,2,2,2,2,2,2,3,5,2,2,2,2,5,6,6,4,5,5,6,6,6,4,6,6,4,5,5,5,6
300,2,11,3,1,0,1,1,4,3,2,4,4,4,2,4,3,4,4,4,3,2,3,4,4,4,3,3,4,4,2,2,3,3,2,1,4,1,4,4,4,4,4,4,4,4,7,3,4,4,5,3,4,3,4,2,1,4,1,1,2,4,3
301,2,10,3,1,1,0,1,2,2,1,4,4,4,1,4,1,3,2,3,1,1,2,2,4,3,1,4,4,3,2,4,3,4,2,2,2,1,3,4,2,6,5,7,7,4,5,5,6,6,7,5,5,6,5,5,6,5,6,5,5,3,5
302,1,11,3,2,,,,1,1,2,4,4,4,4,4,3,1,1,4,2,1,1,4,1,3,4,4,4,1,4,4,4,2,3,1,1,4,1,4,4,4,6,7,7,1,5,2,1,7,1,7,7,7,7,1,7,1,1,1,1,1,1
303,2,10,3,1,1,1,1,3,2,2,4,4,4,3,4,4,3,4,4,4,4,4,4,4,4,3,4,4,3,2,3,3,3,3,4,4,4,3,4,1,6,3,3,1,1,7,7,7,5,7,7,7,7,7,1,4,7,7,5,7,7,7
304,1,10,3,1,1,1,1,3,2,2,3,4,2,2,4,3,3,4,3,3,1,2,4,2,4,2,1,4,3,3,4,1,4,1,3,4,3,2,4,1,4,7,7,1,4,4,7,5,3,4,5,1,1,7,2,7,4,6,5,4,1,4
305,2,10,3,1,0,1,1,3,1,2,3,2,3,3,3,3,3,2,2,2,2,2,4,2,2,2,2,3,3,2,3,2,2,2,3,3,2,3,2,3,7,6,2,3,2,4,4,4,4,4,,4,4,4,2,3,2,2,2,3,3,3
306,1,11,3,2,,,,3,3,2,1,1,1,1,1,1,2,2,2,1,2,3,2,4,3,1,3,3,2,2,2,3,4,4,1,4,4,4,4,3,7,7,7,7,7,7,7,7,7,7,7,7,4,4,5,5,5,5,4,4,3,3
307,1,11,3,2,,,,3,1,2,4,3,4,4,4,3,3,3,3,1,3,3,4,4,4,4,3,2,4,3,4,4,4,3,3,3,2,3,3,1,3,2,4,7,7,5,4,3,3,1,1,2,1,2,4,5,7,4,4,3,7,7
308,2,9,3,1,0,0,1,2,2,1,4,3,4,3,4,4,3,3,3,3,3,2,3,4,2,3,3,3,3,3,2,1,2,2,2,2,3,4,4,2,4,5,5,3,3,5,3,6,4,3,4,3,5,4,5,4,5,3,4,3,3,3
309,2,10,3,1,0,1,1,3,2,2,4,3,4,3,4,4,3,3,2,2,4,1,4,3,3,3,4,3,4,4,3,3,2,2,1,4,3,4,4,4,3,7,7,6,1,4,4,4,4,3,3,4,4,4,3,4,3,6,6,5,5,2
310,2,10,3,1,1,1,1,4,2,2,4,3,4,3,4,4,4,4,4,2,4,1,4,4,4,4,4,4,4,4,3,3,3,2,4,4,4,4,2,4,2,3,7,3,1,5,4,4,4,5,4,5,5,5,1,4,5,5,5,5,5,5
311,1,10,3,2,,,,5,4,2,4,4,4,4,1,4,4,4,1,4,1,1,4,4,3,4,1,1,4,2,4,4,1,1,4,4,4,4,4,4,1,3,7,7,1,7,7,7,7,7,7,7,7,7,7,7,1,1,7,7,7,7
312,1,9,3,1,1,1,1,3,3,2,4,1,4,2,4,4,3,3,1,3,4,2,4,4,3,2,4,4,4,4,4,1,4,1,4,4,4,1,1,4,6,7,7,5,1,2,3,5,4,4,3,5,1,4,1,2,3,7,4,5,4,4
313,2,10,3,1,1,0,1,3,2,2,3,4,3,4,1,1,4,1,1,2,2,1,4,1,3,4,4,4,4,1,4,4,3,4,1,4,1,2,4,3,4,4,3,2,4,4,4,4,4,4,4,4,4,4,4,4,4,3,4,4,4,4
314,1,11,3,1,0,0,1,3,3,1,4,4,4,4,4,2,4,4,2,1,2,1,4,4,1,2,3,4,3,2,2,2,2,2,2,3,2,2,1,1,1,2,3,4,4,5,5,5,5,5,5,5,4,5,4,5,4,5,4,4,5,4
315,1,10,3,1,0,1,1,2,2,2,3,2,1,4,4,3,4,2,4,1,3,2,2,3,3,3,3,2,3,3,3,3,2,2,2,2,3,2,2,3,2,5,4,3,4,2,3,3,6,4,3,3,5,4,3,4,2,1,1,3,5,2
316,2,10,3,1,0,1,1,3,1,2,2,1,1,1,4,1,2,1,3,4,4,2,3,4,3,1,4,4,4,4,4,4,4,4,1,2,4,1,4,4,7,4,2,1,1,5,7,7,4,2,2,6,7,4,7,4,6,6,4,3,4,7
317,1,10,3,1,0,1,1,2,2,2,1,1,1,1,4,4,4,1,1,1,1,1,4,1,4,4,1,4,1,4,4,1,2,1,4,4,1,3,4,1,4,1,1,1,1,7,4,4,4,4,3,7,3,2,1,3,4,5,6,4,5,3
318,1,10,3,1,1,1,1,4,4,2,3,2,2,4,4,4,3,4,2,2,1,1,4,3,2,4,2,2,4,4,4,2,3,3,2,4,4,4,3,2,4,2,4,1,1,5,4,7,5,4,4,4,3,5,1,5,4,5,4,5,4,4
319,2,10,3,1,1,1,1,2,2,2,1,3,2,3,4,2,1,4,1,4,1,2,4,4,3,1,4,1,4,3,4,2,4,1,3,1,3,4,4,3,5,5,6,6,7,4,4,4,4,4,4,4,4,4,4,4,4,4,4,4,4,4
320,2,10,3,1,1,0,1,3,1,1,1,3,4,4,3,4,4,4,1,4,2,4,4,4,3,4,2,4,3,1,2,1,4,3,2,4,4,1,4,1,2,6,4,1,3,1,2,3,2,3,6,4,1,1,1,2,3,4,4,4,4,5
321,2,10,3,1,1,1,1,3,2,2,3,4,3,4,4,1,4,2,4,4,4,4,4,4,2,4,4,3,3,2,4,3,4,3,2,2,1,4,4,1,1,2,5,1,3,7,7,7,7,7,7,7,7,7,6,6,6,6,6,6,5,5
322,2,10,3,1,0,1,1,3,3,2,3,2,1,4,4,4,4,4,3,2,4,3,4,4,2,4,4,4,2,1,2,3,2,3,3,3,4,2,3,3,3,4,5,4,2,7,4,6,6,6,7,6,7,6,1,4,5,7,7,4,6,5
323,1,10,3,1,1,0,1,1,1,1,4,1,2,3,3,3,4,1,1,2,4,4,3,4,3,4,1,1,1,1,4,1,4,1,3,1,1,1,1,1,4,5,6,1,6,1,1,4,4,4,4,5,5,5,5,5,4,4,4,5,5,5
324,2,11,3,1,0,1,1,3,3,2,1,1,1,4,4,1,4,4,4,4,4,1,4,4,4,1,4,4,1,4,4,4,4,1,4,4,4,4,4,4,7,7,7,7,1,7,7,7,7,7,7,7,7,7,1,7,1,7,7,7,7,7
325,1,10,3,1,1,1,1,2,2,2,1,1,2,3,1,1,2,2,4,4,4,4,4,4,4,4,3,3,4,4,3,3,3,4,4,1,4,2,3,4,4,7,7,6,5,7,2,4,1,3,5,6,7,5,7,5,1,2,4,5,4,4
326,1,10,3,1,0,0,0,2,2,2,3,4,2,3,3,3,4,4,4,3,2,3,2,2,1,2,3,4,3,2,3,3,2,1,2,2,3,2,3,1,4,3,6,5,7,1,4,4,4,4,4,5,4,4,3,4,7,4,4,4,4,4
327,1,11,3,1,0,1,1,2,2,2,4,4,4,4,4,4,4,1,4,4,1,1,4,4,1,4,4,4,4,4,4,4,4,3,3,4,4,1,4,2,7,6,7,7,1,5,5,5,1,7,1,7,1,1,1,1,6,1,6,1,1,1
328,1,10,3,1,1,1,1,3,3,2,4,1,4,4,4,3,2,4,2,3,4,1,4,1,2,4,4,3,4,4,4,4,3,4,3,3,4,1,1,4,6,5,7,3,7,5,2,6,1,1,7,7,5,6,3,5,1,1,7,5,6,2
329,2,10,3,1,0,0,1,3,2,2,1,4,1,4,1,4,1,4,1,4,1,1,1,4,4,4,1,1,3,3,1,1,1,2,4,3,3,1,4,1,1,7,7,6,7,7,4,4,5,6,4,6,4,5,5,4,7,7,4,6,4,5
330,2,10,3,1,0,1,1,3,2,2,3,4,4,4,4,4,4,4,4,4,4,4,4,4,1,4,4,4,4,3,4,3,2,2,3,2,3,1,4,4,4,5,7,7,6,7,7,7,6,6,7,7,7,7,7,6,7,7,6,6,7,7
331,2,10,3,2,,,,4,4,2,4,3,2,4,3,3,4,1,1,3,2,2,4,3,4,3,4,3,2,3,2,4,4,2,3,4,4,3,3,2,3,5,7,4,6,2,5,7,6,4,4,7,7,4,5,5,5,7,5,4,5,6
332,2,10,3,1,1,1,1,4,4,2,4,4,4,3,4,4,2,1,3,3,1,1,1,4,4,4,2,3,2,2,3,2,3,1,1,4,4,4,3,2,1,5,5,1,1,4,1,1,1,1,2,1,1,1,1,3,3,1,1,3,5,5
333,2,10,3,2,,,,4,3,2,4,1,3,3,4,4,4,1,4,4,4,1,4,4,1,2,1,4,3,2,1,1,4,1,4,1,2,2,4,4,7,7,6,6,1,7,4,5,6,1,4,1,7,4,7,4,6,2,3,1,7,7
334,2,11,5,1,1,0,0,3,1,2,3,2,3,3,3,1,4,2,4,4,4,3,2,4,4,2,3,3,2,3,3,2,2,4,2,2,3,2,3,4,1,1,2,2,3,1,2,3,4,3,2,3,2,1,2,3,1,2,4,5,1,4
335,2,12,5,2,,,,3,2,2,3,3,4,3,4,3,4,1,2,3,2,3,4,3,3,4,3,3,2,3,2,2,3,2,2,4,4,3,3,3,3,3,4,6,3,2,2,4,2,5,5,5,5,2,5,5,2,5,2,2,2,5
336,1,11,5,1,1,0,1,4,4,1,4,3,4,4,4,4,4,1,1,4,1,4,1,4,1,4,4,4,4,4,4,4,4,4,1,4,4,4,4,4,7,7,7,7,1,4,3,4,3,3,4,3,4,4,3,3,2,2,3,4,3,2
337,2,11,5,1,1,1,1,1,1,2,4,4,1,3,2,1,4,3,4,1,3,4,4,3,2,4,3,2,1,3,1,2,1,3,4,4,4,4,4,4,1,2,1,4,1,4,2,3,1,2,5,3,4,3,2,4,3,4,2,1,2,1
338,2,11,5,1,1,0,1,2,2,1,1,1,4,1,1,1,1,1,4,4,4,1,4,4,2,1,2,4,3,4,4,4,1,4,1,4,4,4,1,4,3,7,7,5,4,5,5,5,6,5,7,7,5,4,4,5,5,1,1,5,3,2
339,2,11,5,1,1,1,1,3,3,2,4,3,4,4,4,2,3,2,4,4,3,3,4,4,4,4,4,4,4,3,3,3,3,3,3,3,3,3,3,2,4,5,5,2,4,4,5,6,4,4,3,6,5,6,5,5,5,4,4,4,4,5
340,1,11,5,1,1,0,1,3,3,1,4,2,4,1,4,4,4,1,1,1,4,1,4,4,4,2,4,3,1,1,4,4,4,1,1,1,3,3,1,1,5,7,6,1,7,5,5,7,6,1,1,2,6,5,4,7,1,1,5,1,1,1
341,1,12,5,1,0,0,1,4,4,1,1,4,3,4,4,4,4,1,3,1,1,1,4,4,4,4,1,4,4,4,3,4,4,1,4,4,4,1,4,4,7,5,7,7,1,2,4,4,4,1,1,2,4,1,1,1,1,7,1,1,1,2
342,1,12,5,1,1,1,1,3,2,2,4,3,4,2,4,1,1,4,2,4,3,4,1,4,1,1,4,4,3,4,2,4,4,3,4,4,3,1,3,1,4,6,5,3,1,1,5,2,6,3,3,1,1,1,1,2,5,1,4,1,7,1
343,2,11,5,2,,,,5,4,2,4,1,4,1,4,4,4,2,1,2,4,1,4,4,1,1,4,4,2,2,3,1,2,3,4,2,4,1,3,4,5,3,7,7,1,5,4,2,1,2,3,7,7,6,7,7,4,1,4,4,4,7
344,2,11,5,1,1,1,1,4,3,2,4,1,4,1,4,4,4,3,3,1,2,3,4,3,4,1,3,2,4,3,2,1,3,2,2,2,4,2,2,2,2,1,5,4,6,4,4,4,4,4,4,4,4,4,4,4,4,4,4,4,4,4
345,2,13,5,1,1,1,1,3,3,2,3,2,2,1,4,3,1,2,3,3,2,2,4,4,2,2,3,3,3,3,4,2,2,1,3,1,2,3,1,2,4,5,5,4,7,5,7,7,4,4,5,6,7,7,6,7,7,7,7,4,5,4
346,1,12,5,2,,,,2,2,2,4,4,4,4,4,4,4,4,4,4,4,4,4,4,4,4,4,4,4,4,1,4,4,4,2,4,4,4,4,4,5,5,5,5,5,1,5,5,5,5,5,5,5,5,5,5,5,5,5,5,5,5
347,2,12,5,1,1,0,1,2,2,1,4,3,4,2,1,3,4,1,2,2,2,2,1,1,3,3,1,4,2,2,1,2,1,2,3,1,3,2,1,4,1,1,4,1,2,1,1,1,2,3,3,4,4,5,5,4,4,4,4,4,4,4
348,1,12,5,1,1,0,1,3,1,1,4,4,4,1,1,4,4,4,2,3,2,2,1,4,1,3,2,4,3,1,4,2,2,4,4,3,3,3,1,3,7,2,7,1,1,1,1,2,3,2,3,4,3,3,3,5,4,7,7,6,5,6
349,1,12,5,1,1,0,0,2,1,2,4,1,4,2,4,2,2,2,3,3,1,4,1,2,4,4,4,4,1,2,3,4,2,2,4,2,3,3,2,3,4,1,3,3,5,7,7,7,7,5,4,4,6,2,5,1,3,4,4,5,3,2
350,1,12,5,2,,,,5,3,2,4,1,4,2,4,3,4,3,3,2,1,3,1,3,2,4,3,1,3,2,3,3,3,2,3,3,4,2,3,4,4,3,4,3,4,7,7,7,7,7,5,6,5,5,5,7,5,5,6,6,5,6
351,1,11,5,2,,,,1,1,2,4,4,4,4,4,4,4,2,4,4,4,4,3,1,4,4,4,4,4,4,1,4,4,4,4,1,4,4,3,4,1,4,2,4,6,4,4,3,3,5,4,4,4,5,4,4,5,3,4,6,5,6
352,2,12,5,1,1,1,1,3,2,2,3,3,4,4,3,4,3,3,1,2,2,2,4,3,1,1,2,2,2,2,1,2,1,2,2,3,2,2,4,2,2,3,1,2,4,5,4,7,3,3,1,1,3,2,3,2,2,3,4,4,3,4
353,1,12,5,1,1,1,1,4,4,2,3,3,3,2,4,4,3,4,2,3,3,3,3,4,4,3,4,4,3,2,3,2,3,3,2,3,4,3,4,3,3,3,2,2,3,5,5,5,5,5,5,5,5,6,6,5,5,5,5,5,5,5
354,1,11,5,1,1,1,1,4,3,2,3,4,3,3,3,4,3,4,2,2,2,1,3,3,3,4,3,4,4,2,2,2,1,1,2,4,3,3,4,3,1,3,2,1,2,2,3,1,1,1,2,2,3,5,4,4,3,2,2,3,2,3
355,1,12,5,2,,,,3,3,2,4,4,4,4,4,4,4,4,2,2,2,2,4,3,4,4,3,4,4,4,4,2,2,2,3,3,4,3,3,3,4,5,7,4,4,4,4,3,1,2,2,2,2,4,4,4,4,4,4,4,4,4
356,1,12,5,1,1,0,1,3,3,1,3,1,4,1,1,2,3,1,3,2,4,1,4,4,2,3,3,3,2,4,4,3,4,2,1,1,4,4,4,3,1,4,1,1,1,5,7,1,6,6,6,,7,7,1,4,1,7,6,6,7,7
357,2,10,3,2,,,,3,3,2,2,3,3,1,4,3,4,3,4,3,4,3,3,3,4,3,3,4,3,4,3,4,4,1,3,2,4,2,3,3,5,6,7,7,5,6,6,5,5,5,6,6,2,6,6,6,6,7,6,6,5,6
358,2,11,5,2,,,,1,1,2,4,4,2,1,3,3,4,4,3,1,4,3,4,4,3,4,4,4,2,3,4,4,4,3,4,2,4,4,4,4,5,4,6,6,7,2,7,7,5,5,5,6,7,7,7,7,7,7,6,7,6,7
359,1,12,5,1,1,1,1,3,3,2,4,4,4,3,4,4,2,2,4,3,1,3,3,4,1,4,4,3,4,1,4,3,4,1,4,4,1,4,4,2,4,5,5,5,7,4,4,4,4,4,5,5,7,6,5,5,5,6,6,5,5,6
360,1,12,5,1,1,1,1,3,3,2,4,4,4,3,4,4,2,4,3,3,4,4,3,4,1,4,4,3,4,1,2,3,4,1,4,4,1,4,4,2,4,5,5,5,7,4,4,4,4,4,5,5,7,6,5,5,5,6,4,6,5,6
361,1,12,6,1,1,0,1,3,3,1,2,1,1,1,1,4,1,2,3,3,1,1,2,1,2,4,2,3,4,2,4,4,1,1,4,2,1,1,4,4,2,4,6,2,7,3,4,4,5,5,6,6,4,4,4,3,4,4,4,1,4,4
362,2,13,6,1,1,1,1,4,3,2,4,4,2,4,3,4,4,3,3,4,3,4,4,4,4,4,4,4,4,4,4,4,3,3,2,4,4,4,4,4,5,5,4,5,1,5,6,7,6,6,6,6,6,6,4,6,6,6,6,6,6,6
363,2,12,6,1,1,1,1,3,2,2,1,1,1,1,4,4,4,4,3,3,1,1,4,4,1,4,2,4,2,1,4,1,3,1,1,4,2,2,4,4,1,1,1,1,1,5,5,5,6,6,5,6,5,4,4,4,5,5,4,4,4,4
364,2,13,6,2,,,,4,3,2,4,4,4,4,2,4,4,4,2,4,4,3,4,4,4,4,4,4,4,4,4,4,4,4,4,3,4,3,4,4,5,3,7,3,1,5,4,7,1,6,5,6,6,6,6,6,5,7,6,7,6,7
365,2,13,6,1,1,1,1,3,1,2,4,4,4,4,4,4,4,4,4,4,4,3,3,4,4,4,4,4,2,4,4,4,3,1,4,4,2,4,3,1,4,4,5,1,1,7,7,7,6,6,7,7,7,7,7,7,7,7,7,7,7,7
366,1,13,6,2,,,,3,1,2,4,4,4,4,4,4,4,4,3,3,3,3,4,4,4,2,3,4,3,2,2,1,2,2,2,3,3,4,3,4,5,4,4,4,4,3,3,3,3,3,3,3,3,4,4,4,4,4,4,4,4,4
367,1,13,6,1,1,0,0,4,1,2,3,2,3,1,1,1,3,1,2,4,1,2,4,2,1,2,4,1,3,3,1,1,1,1,2,3,1,1,4,4,1,2,3,1,3,2,3,1,5,2,4,4,4,4,4,4,4,4,4,4,4,4
368,2,12,6,1,1,1,1,3,2,2,4,4,4,4,4,2,1,1,2,2,1,4,4,4,4,4,4,4,4,4,4,4,4,4,3,2,2,3,4,2,4,3,4,3,1,4,4,4,2,1,2,2,2,4,4,4,4,4,4,4,4,4
369,2,13,6,1,1,1,1,3,1,2,4,4,4,2,3,3,4,4,2,4,1,3,4,1,3,4,4,4,3,3,2,1,1,1,1,3,4,3,4,3,7,4,7,1,1,3,5,4,1,1,1,1,3,4,4,4,1,2,7,1,5,4
370,2,12,6,2,,,,5,4,2,2,4,4,4,4,4,4,4,4,4,4,4,4,4,4,4,4,4,4,4,4,4,4,4,1,4,4,4,1,4,6,6,6,6,6,6,6,6,6,6,6,6,6,6,6,6,6,6,6,6,6,6
371,2,13,6,2,,,,5,4,2,2,2,1,2,2,2,3,2,2,2,2,3,1,2,3,3,2,2,3,3,3,3,3,3,2,2,3,1,2,2,4,5,4,5,4,2,2,6,6,5,5,5,5,4,5,3,5,5,3,5,5,3
372,1,12,6,2,,,,4,4,2,2,3,3,3,3,3,3,3,3,2,3,2,3,3,3,3,3,3,3,4,4,4,4,3,3,3,4,4,4,4,2,4,7,7,1,5,5,6,5,6,5,6,6,6,1,6,4,6,5,6,6,6
373,1,13,6,1,0,1,0,2,2,2,2,4,1,2,1,2,3,1,2,1,3,2,3,3,3,4,4,3,2,3,4,3,3,3,2,1,1,2,2,1,2,4,5,1,1,2,2,5,1,1,3,5,5,5,5,4,2,1,1,1,1,1
374,2,13,6,1,1,1,1,4,4,2,2,3,4,3,3,4,3,2,3,3,3,1,2,4,4,3,3,4,4,2,3,3,1,2,2,3,3,2,4,4,5,6,6,4,6,1,1,4,5,1,3,6,6,1,2,4,1,6,1,1,4,6
375,1,12,6,1,1,1,1,4,4,2,4,4,4,4,4,4,4,3,4,4,4,1,4,4,3,4,4,4,4,4,1,4,4,4,4,4,4,4,4,4,6,6,7,4,4,5,6,7,6,5,5,1,5,6,1,7,5,1,6,6,6,6
376,2,12,6,1,1,1,1,3,2,2,4,3,4,3,2,4,4,4,1,1,4,3,4,4,3,4,4,4,4,3,4,3,3,4,3,3,3,4,4,4,5,4,7,7,7,4,5,5,5,4,4,5,4,4,4,5,5,7,6,5,5,6
377,2,13,6,1,1,0,0,3,2,2,4,3,2,1,4,2,3,2,2,4,2,3,3,4,4,1,3,3,2,3,4,4,2,3,4,3,4,3,1,2,5,2,4,1,6,4,4,4,4,4,4,4,4,4,4,4,4,4,4,4,4,4
378,2,13,6,1,1,1,1,3,1,2,4,4,4,4,4,4,4,2,4,3,4,3,4,4,4,4,4,4,4,3,4,4,3,3,3,3,4,1,1,4,4,5,6,1,1,4,5,6,1,1,4,4,4,5,7,7,4,4,1,1,1,1
379,1,12,6,1,1,1,1,4,4,2,4,3,3,1,3,3,4,4,1,2,3,2,3,2,4,3,4,4,4,1,3,3,3,3,3,2,4,3,3,4,4,3,5,2,3,2,2,5,2,2,2,2,2,2,6,2,2,7,2,2,2,2
380,1,12,6,2,,,,2,2,2,4,4,4,4,4,4,3,4,2,2,2,2,3,4,4,2,4,3,2,2,1,2,3,3,2,3,3,2,3,4,5,5,5,4,1,5,5,5,5,4,3,4,5,2,3,4,4,5,4,4,4,4
381,1,12,6,1,1,1,1,3,3,1,4,4,4,2,4,4,4,4,4,4,4,3,3,4,4,4,4,4,2,4,4,3,4,3,3,4,2,2,3,2,6,7,7,5,5,4,4,6,5,5,6,4,4,4,5,5,5,4,5,4,4,6
382,1,12,6,2,,,,5,4,2,3,1,1,1,2,3,3,2,2,3,2,2,3,1,3,2,3,2,3,2,1,2,1,1,2,3,1,2,1,3,7,6,6,5,5,4,4,4,4,4,4,4,4,4,4,4,4,4,4,4,4,4
383,2,12,6,2,,,,4,4,2,4,4,4,4,4,4,4,4,3,4,4,3,4,4,4,4,4,4,4,4,3,3,4,1,4,3,4,3,3,4,7,6,7,5,7,5,5,7,2,6,6,7,7,6,6,7,6,7,6,6,6,7
384,2,13,6,1,1,1,1,3,2,2,4,4,4,4,4,4,4,3,2,3,4,3,3,4,2,4,4,4,4,3,4,4,3,3,2,3,4,3,4,4,4,5,6,4,4,6,6,7,4,4,4,4,4,4,5,5,6,7,7,4,4,5
385,2,12,6,1,1,1,1,3,1,2,1,1,1,1,1,4,4,4,1,4,4,4,4,1,1,1,1,1,1,4,4,1,4,4,4,1,1,1,1,1,4,4,4,4,4,6,4,4,4,4,4,4,4,4,4,4,4,4,4,4,4,4
386,2,13,6,1,1,1,1,3,3,2,1,1,1,1,1,1,3,1,2,2,1,1,3,3,3,3,3,3,2,2,2,2,2,2,2,2,3,3,3,2,3,4,3,3,4,1,2,4,4,4,4,4,4,4,4,4,4,4,4,4,4,4
387,2,12,6,2,,,,5,2,2,4,3,4,4,4,4,4,3,2,3,4,2,4,2,4,4,4,4,4,3,3,2,1,1,1,4,3,4,4,3,5,5,6,3,6,4,4,6,1,5,5,5,5,5,4,6,5,5,4,4,4,5
388,2,11,6,1,1,1,1,3,1,2,4,4,4,3,4,4,3,2,2,1,3,2,3,4,3,4,4,4,4,4,4,3,3,4,4,3,2,3,3,4,6,4,7,7,1,7,7,7,6,7,7,7,7,7,5,7,7,7,7,7,7,7
389,1,13,6,1,1,1,1,3,3,2,3,2,3,2,4,4,2,3,2,2,2,2,4,3,3,3,3,3,3,2,2,2,2,2,2,3,3,3,3,3,4,3,5,6,5,1,4,3,4,2,2,4,3,3,1,2,2,2,1,3,2,1
390,1,12,6,2,,,,3,2,2,4,4,4,4,2,4,4,4,1,1,1,1,4,4,4,4,4,4,4,1,1,1,3,1,3,4,2,4,3,4,5,6,6,6,1,4,5,5,5,5,5,5,4,5,5,3,4,5,5,4,5,5
391,2,12,6,2,,,,5,2,2,3,3,4,4,4,4,4,4,2,4,4,4,3,4,4,4,4,4,4,4,4,4,4,2,3,1,4,3,4,4,5,6,7,5,1,2,5,4,5,4,4,4,6,4,5,7,6,4,4,4,4,4
392,2,12,6,1,1,1,1,4,2,2,3,3,3,2,2,3,3,2,2,3,3,3,3,3,3,3,4,4,4,4,3,3,3,2,2,2,3,3,2,3,5,6,6,2,3,5,4,6,6,5,6,5,6,6,6,6,5,6,5,6,5,6
393,2,13,6,1,1,1,1,3,1,2,4,4,3,4,4,4,4,4,3,4,3,3,4,3,2,3,3,3,3,3,2,3,3,3,3,3,3,3,3,3,4,3,6,5,5,4,4,3,5,4,3,5,5,4,4,2,2,4,5,4,3,5
394,2,12,6,1,1,1,1,3,3,2,4,4,4,4,4,4,4,4,4,4,4,4,4,4,4,4,4,4,4,4,1,4,4,4,4,4,4,4,4,4,7,7,7,7,7,7,7,7,1,1,1,1,1,1,1,1,1,1,1,1,1,1
395,2,12,6,1,1,0,1,2,1,1,3,3,2,3,2,4,4,4,3,4,3,3,3,4,3,4,4,4,3,4,4,4,3,3,3,4,4,4,4,3,4,3,4,2,7,2,3,4,4,4,4,4,4,4,4,5,5,5,4,4,5,5
396,2,13,6,1,1,1,1,3,3,2,3,4,3,3,3,2,3,1,2,3,1,4,4,4,2,4,4,4,4,3,4,4,3,3,2,4,2,4,4,4,2,5,5,3,1,3,4,4,5,5,4,4,3,3,3,3,2,2,3,3,3,3
397,1,12,6,1,1,1,1,3,3,2,3,3,4,3,4,4,3,4,1,2,1,1,4,3,4,3,4,3,4,2,2,2,1,1,1,3,4,3,4,3,2,6,7,5,1,5,3,3,2,2,1,1,2,1,2,2,1,2,1,2,1,3
398,2,13,6,1,1,1,1,3,1,2,1,2,1,2,2,4,3,3,3,3,2,3,4,4,4,4,1,4,4,4,4,4,4,1,3,3,4,4,4,4,5,4,6,3,2,3,5,6,5,4,5,4,5,5,6,7,5,4,5,4,4,5
399,1,13,6,1,1,1,1,4,4,2,3,2,2,2,3,2,1,3,2,3,3,2,4,3,2,2,2,3,3,3,3,2,3,2,3,3,3,3,3,2,3,3,5,3,2,5,4,4,4,4,4,4,4,4,3,3,3,5,4,4,3,3
400,1,13,6,1,1,1,1,4,4,2,4,4,4,4,3,4,4,4,2,4,4,4,4,4,4,4,4,4,4,4,4,1,4,4,1,1,4,1,3,4,1,6,7,1,1,7,1,1,1,7,1,7,1,7,1,7,1,1,1,7,7,7
401,2,13,6,1,1,0,0,5,3,2,4,2,3,2,3,4,3,1,4,4,3,3,3,4,4,4,4,4,2,4,3,4,2,3,2,4,4,2,3,3,5,6,6,5,1,5,7,7,2,2,4,6,7,6,5,6,5,6,5,2,3,4
402,1,12,6,1,1,0,0,2,1,2,3,3,3,2,3,3,3,3,3,2,3,3,4,4,3,3,3,3,3,3,4,2,3,2,2,3,4,3,3,3,3,4,3,3,1,2,5,4,3,4,4,4,5,5,3,4,2,4,5,3,4,2
403,2,12,6,2,,,,4,2,2,3,2,4,2,4,4,2,1,4,4,3,4,3,4,1,4,2,4,2,2,4,3,3,3,3,1,2,1,2,1,4,7,7,6,1,4,6,6,4,4,4,4,4,6,1,6,3,7,4,4,4,4
404,2,13,6,1,1,1,1,2,2,2,3,4,4,3,4,4,4,4,2,3,3,3,3,4,2,4,4,4,4,3,4,3,3,3,3,1,4,1,3,3,5,4,5,4,1,5,6,7,4,4,6,7,7,6,7,7,6,6,6,5,6,5
405,1,13,6,1,1,1,1,3,1,2,4,3,2,4,4,3,4,1,2,2,3,1,2,4,1,1,3,4,1,4,3,3,3,4,3,1,1,1,1,1,2,5,5,1,1,1,2,1,1,1,2,1,1,2,4,2,1,5,1,1,2,1
406,2,13,6,1,1,1,1,5,1,2,2,2,3,3,1,2,4,1,4,4,2,3,2,4,4,4,4,4,4,4,3,4,2,2,4,2,4,4,2,2,6,6,3,7,2,6,7,7,3,3,4,6,6,4,7,5,5,4,2,2,2,4
407,2,12,6,1,1,1,1,2,1,1,4,4,4,4,4,4,4,4,4,4,3,3,3,4,3,4,4,4,3,2,4,3,2,3,3,4,4,4,3,4,6,6,6,6,6,5,6,5,5,4,4,5,5,6,6,6,7,7,7,4,5,7
408,1,12,6,2,,,,2,2,2,4,3,4,4,4,4,2,3,3,3,3,2,3,4,2,4,4,4,4,2,4,3,3,2,2,3,4,3,4,4,5,6,6,6,4,3,6,5,2,4,5,6,7,5,4,6,1,5,4,4,5,6
409,2,12,6,1,1,0,1,4,1,2,2,1,3,4,3,3,2,2,3,3,2,2,4,4,2,4,4,4,3,3,4,4,3,3,2,3,3,2,2,3,4,3,4,3,4,4,5,5,3,2,4,3,4,4,5,4,6,7,5,4,4,4
410,1,13,6,1,1,1,1,4,2,2,4,2,2,2,2,4,2,4,3,3,3,1,4,4,1,1,3,3,3,2,3,4,2,3,2,3,3,3,4,4,5,7,1,1,1,5,6,7,1,2,4,7,7,7,1,4,1,7,5,3,4,5
411,2,12,6,1,1,1,1,4,2,2,2,3,2,3,3,2,3,3,2,2,4,3,4,3,2,3,3,4,3,4,2,4,2,3,3,2,3,3,2,1,3,7,3,2,1,5,5,6,4,4,5,7,5,4,7,6,4,5,6,6,5,7
412,2,13,6,2,,,,3,1,2,3,4,3,2,3,4,1,2,1,1,1,2,4,4,4,3,4,3,4,1,2,2,2,1,2,3,3,3,3,3,1,3,2,1,4,2,4,5,3,1,5,2,3,4,4,2,2,4,3,2,2,2
413,1,13,6,1,1,0,0,2,1,1,4,4,4,4,4,4,4,4,3,1,1,1,3,4,1,4,2,2,4,3,2,1,1,1,1,4,4,4,2,2,4,4,4,4,4,1,4,4,4,4,4,4,4,4,4,4,4,4,4,4,4,4
414,2,12,6,1,1,0,0,5,3,2,4,4,4,4,4,4,4,4,3,3,3,2,4,4,4,4,4,4,4,3,4,4,3,3,2,1,4,3,4,4,4,3,6,5,4,2,5,6,5,3,5,2,5,5,4,2,1,1,1,1,1,2
415,2,12,6,1,1,1,1,2,1,2,2,2,2,2,2,2,3,2,2,2,3,3,4,3,2,3,2,3,3,3,3,3,3,2,2,3,3,3,2,3,3,3,3,2,1,5,5,5,4,4,4,5,5,5,2,4,2,5,4,2,2,4
416,1,12,6,1,1,1,1,3,1,2,4,4,4,4,4,4,4,4,1,1,1,3,4,4,4,4,4,4,4,2,2,1,1,2,2,3,3,3,4,3,2,4,4,3,1,4,5,4,4,3,4,4,5,4,4,1,4,4,4,4,3,4
417,2,13,6,1,1,1,1,2,1,2,2,3,2,3,4,4,4,4,1,1,1,2,3,4,4,4,4,4,4,4,4,4,3,4,2,1,4,4,4,4,4,5,7,7,7,3,5,4,2,2,1,1,1,3,1,2,1,1,3,4,4,5
418,1,12,6,1,1,1,1,4,4,2,2,3,4,2,1,4,2,2,3,3,3,3,3,3,2,4,4,4,4,1,1,3,3,2,2,3,2,2,3,3,2,3,4,6,1,3,4,4,4,5,5,2,3,1,2,4,4,4,1,1,1,1
419,2,12,6,1,1,1,1,2,2,2,2,1,2,3,2,4,3,3,1,4,4,4,4,2,1,4,4,4,3,4,4,4,4,3,2,1,4,1,1,3,4,3,2,1,1,5,4,6,4,7,5,5,7,6,4,7,7,7,6,7,6,4
420,2,12,6,1,1,1,1,2,2,2,1,1,1,1,1,1,4,3,4,1,4,1,1,4,1,3,3,4,4,4,4,2,4,1,2,3,4,3,2,3,5,4,4,1,6,1,1,1,1,1,1,1,1,1,1,2,7,7,4,1,1,1
421,1,12,6,2,,,,3,1,2,4,4,4,3,3,3,4,3,4,4,4,4,4,4,1,1,4,1,4,4,4,4,3,3,3,1,4,3,3,4,4,5,7,1,3,1,3,4,1,4,5,6,2,3,1,1,1,2,1,1,1,2
422,2,12,6,1,1,1,1,3,1,2,3,2,3,3,4,2,4,2,3,3,4,2,3,4,4,4,4,3,3,4,4,4,3,3,2,4,4,2,3,3,3,4,5,4,6,5,5,6,6,5,5,7,6,5,5,7,7,5,7,6,5,5
423,1,12,6,1,1,1,1,2,2,2,4,4,4,4,4,4,4,1,3,4,4,3,1,4,2,4,4,4,2,4,4,3,3,3,3,4,4,3,3,1,1,5,4,3,1,1,7,4,5,1,7,4,4,4,6,6,7,7,7,1,6,7
424,2,13,6,1,1,0,0,2,2,2,4,3,3,1,2,4,4,3,2,2,4,1,4,4,4,4,2,4,2,2,4,1,4,2,2,1,1,2,3,3,4,1,3,2,1,5,4,4,5,4,3,4,4,5,3,4,5,4,4,4,4,3
425,2,9,3,1,0,1,1,3,2,2,4,3,4,4,4,4,4,4,1,1,1,1,4,4,4,3,4,3,4,1,1,1,2,1,1,4,4,4,4,4,2,3,2,4,2,5,1,5,1,1,1,5,1,5,1,1,1,5,2,1,1,5
426,2,9,3,1,1,1,1,3,3,2,4,1,4,1,4,4,1,1,1,1,14,1,4,4,4,3,4,4,4,1,1,4,1,3,1,1,1,1,4,4,7,2,7,1,1,1,4,4,1,1,1,4,1,5,1,7,1,7,4,4,3,2
427,1,8,3,1,0,1,1,2,2,2,2,3,3,2,4,3,3,4,3,3,4,4,4,4,4,3,4,2,4,4,2,1,4,1,2,3,4,3,2,3,3,3,3,6,3,3,6,2,1,5,5,5,3,5,3,3,5,5,3,3,4,5
428,1,9,3,1,1,1,1,4,3,2,3,3,4,3,3,4,4,2,3,2,2,3,4,4,4,3,2,3,1,3,2,3,2,2,3,3,3,3,3,3,4,5,5,3,1,5,6,6,4,3,5,5,6,6,4,5,6,6,4,6,5,6
429,1,9,3,1,1,1,1,4,4,2,2,1,1,2,2,1,2,1,4,4,1,4,1,1,4,3,2,3,1,1,2,2,2,3,2,1,1,2,3,4,1,1,3,7,4,1,7,3,2,1,2,7,3,1,4,1,1,1,1,1,7,1
430,2,9,3,1,1,0,1,2,2,1,3,2,3,3,2,4,1,4,4,4,4,1,4,4,4,3,4,4,4,4,4,4,4,3,4,4,3,3,3,2,4,1,2,6,4,1,7,1,3,2,1,4,4,5,4,1,3,1,1,2,4,6
431,1,8,3,1,0,0,0,2,1,2,4,4,4,4,3,4,4,1,3,4,2,4,4,4,4,4,4,4,4,4,4,4,3,1,3,2,4,3,4,4,7,3,7,7,5,7,7,7,7,7,7,7,7,7,5,1,1,1,7,4,4,2
432,2,9,3,1,1,0,1,5,4,1,1,1,1,1,1,1,1,1,1,4,4,4,4,4,4,1,2,1,1,4,4,4,4,4,4,1,1,1,2,2,5,7,7,7,6,5,5,5,7,4,5,7,7,7,5,2,1,7,7,1,7,7
433,2,10,3,1,1,1,1,3,2,2,4,4,4,2,4,4,4,4,3,3,3,4,4,4,4,4,3,4,4,4,1,3,4,2,3,4,4,4,4,4,3,4,7,3,7,6,2,5,5,5,5,4,5,5,5,4,5,5,4,4,4,5
434,1,9,3,1,1,1,1,5,4,2,4,1,4,4,4,3,4,4,1,4,1,1,4,4,4,4,4,4,4,4,4,4,2,4,3,1,4,3,4,4,2,6,1,1,1,1,5,7,3,2,7,6,4,5,6,7,5,4,4,3,2,2
435,2,9,3,1,0,1,1,4,3,2,4,4,4,4,4,4,4,4,1,4,3,4,4,4,4,4,4,4,4,1,4,4,4,4,3,4,4,4,4,4,7,7,7,6,4,7,7,7,7,7,7,7,6,7,5,7,5,6,5,4,5,7
436,2,8,3,1,0,1,1,4,2,2,4,4,4,4,4,4,4,3,1,2,4,3,4,4,1,4,4,4,4,1,1,4,4,4,1,4,4,4,4,4,7,5,7,7,7,1,2,4,4,4,4,6,6,4,1,4,4,1,5,5,4,4
437,2,9,3,1,1,1,1,4,1,2,4,4,4,4,4,4,4,4,1,4,4,4,3,4,4,4,4,4,3,4,4,4,4,4,4,4,4,4,4,4,7,7,7,7,1,4,7,7,7,4,6,7,6,4,2,6,1,1,4,4,6,7
438,2,9,3,1,1,1,1,3,1,2,4,4,4,4,4,4,4,4,1,4,4,4,4,4,4,4,4,4,4,4,4,4,4,4,4,4,4,4,4,4,7,5,7,7,1,7,7,1,7,7,6,7,7,7,7,7,7,7,6,7,6,6
439,1,9,3,1,1,1,1,4,4,2,4,4,4,4,4,4,4,4,1,1,4,4,4,1,4,4,4,4,4,1,4,4,4,4,4,1,4,4,4,4,7,7,7,7,2,7,7,7,7,7,7,7,7,7,7,7,7,7,7,7,7,7
440,2,10,3,1,1,1,1,3,3,2,4,4,4,4,4,4,4,4,1,1,2,4,4,1,4,4,4,4,4,1,4,4,4,4,4,1,4,4,4,4,7,5,7,7,7,1,1,7,2,1,1,1,4,1,2,1,1,1,1,7,1,2
441,1,9,3,1,1,1,1,3,2,2,4,4,4,4,4,4,4,4,1,4,4,4,4,1,4,4,4,4,4,1,4,4,4,4,4,1,4,4,4,4,7,7,7,7,1,5,4,7,1,1,4,7,5,4,3,7,2,4,7,4,3,2
442,2,9,3,1,0,1,1,3,2,2,4,4,4,4,4,4,4,4,1,1,4,4,4,1,4,4,4,4,4,1,4,4,4,4,4,4,4,4,4,4,7,7,7,7,1,7,1,7,1,7,7,7,7,7,7,7,1,1,7,1,7,7
443,1,9,3,1,0,1,1,4,3,2,4,4,4,4,4,4,4,1,1,5,5,5,3,4,4,4,4,4,4,4,4,4,4,4,4,4,4,4,4,4,7,5,7,7,2,1,2,7,1,7,5,7,4,1,7,6,6,6,1,6,5,5
444,2,8,3,1,1,1,1,3,2,2,4,4,4,4,4,4,4,4,1,4,4,3,4,4,4,4,4,4,4,1,4,4,4,4,1,4,4,4,4,4,7,7,7,5,4,5,5,7,4,5,4,5,7,7,7,5,4,3,4,1,3,7
445,1,10,3,1,1,1,1,4,3,2,4,4,4,4,4,4,4,4,1,2,4,4,3,1,4,4,4,4,4,2,4,4,4,4,4,4,4,4,4,3,6,6,6,3,2,1,5,7,6,1,4,2,2,5,2,5,2,1,5,2,2,1
446,2,9,3,1,1,0,1,3,3,1,4,4,4,4,4,4,4,4,1,4,4,4,3,4,4,4,4,4,4,1,1,4,4,4,4,3,4,4,4,4,6,5,6,6,2,1,2,4,3,1,2,2,2,2,2,2,1,2,3,3,3,2
447,1,10,3,1,1,0,1,2,2,1,4,4,4,4,4,4,4,4,1,1,1,4,3,1,4,4,4,4,4,1,4,4,4,4,4,2,4,4,4,4,7,4,4,6,3,1,2,1,1,1,1,1,2,1,1,1,3,2,1,1,1,1
448,2,10,4,1,1,1,1,3,3,2,4,3,4,4,3,4,4,4,3,4,4,4,3,3,3,3,3,3,4,4,3,4,4,3,3,3,4,2,3,3,3,6,6,4,3,2,4,5,1,4,5,6,2,3,5,5,1,2,5,1,1,5
449,2,10,4,1,1,0,0,2,1,2,4,4,3,1,1,4,4,3,4,4,4,3,4,4,1,4,1,1,3,4,4,4,4,3,2,2,4,2,2,4,5,5,7,5,2,6,6,7,5,6,7,6,7,6,6,7,5,7,5,5,6,7
450,2,10,4,1,1,0,1,2,1,2,3,3,3,4,4,4,4,3,3,4,3,3,4,4,3,4,4,4,3,3,3,3,2,3,2,1,4,3,3,4,5,5,7,1,3,5,6,6,3,6,6,6,6,6,6,6,5,6,6,5,5,6
451,2,9,4,1,1,0,0,4,2,2,2,3,4,4,1,4,4,3,4,4,4,3,4,4,1,4,4,4,3,3,4,3,3,3,2,2,4,3,3,1,5,5,7,1,3,5,6,6,5,6,6,6,6,5,5,6,6,6,5,5,5,5
452,2,10,4,1,1,1,1,5,4,2,3,4,3,4,1,4,4,3,4,4,3,3,4,4,4,4,1,1,4,4,4,3,3,3,2,2,4,3,3,4,5,5,7,1,4,5,6,7,5,6,7,5,5,5,5,5,5,6,6,2,6,5
453,2,9,4,1,0,1,1,1,,2,2,3,4,4,3,4,4,3,4,4,3,3,4,4,4,3,4,4,3,4,4,3,2,2,3,2,4,3,3,2,5,4,7,1,1,5,5,6,5,3,3,5,5,5,5,5,5,5,5,5,5,5
454,1,10,4,1,0,1,0,2,1,1,3,3,3,4,4,4,3,4,2,4,3,3,4,4,4,4,4,4,3,3,4,3,3,3,2,2,3,4,3,3,5,5,7,4,3,5,6,7,6,6,6,5,6,6,6,6,6,6,5,5,5,6
455,2,10,4,1,0,1,1,2,1,2,3,3,3,4,4,4,4,3,3,4,4,3,4,4,3,4,4,4,3,3,4,4,3,3,2,2,4,2,3,4,7,5,6,5,4,5,6,7,5,6,6,6,6,6,6,6,5,6,6,5,6,5
456,2,10,4,1,0,1,1,2,2,2,3,4,2,4,1,4,4,3,4,4,3,3,4,4,4,4,4,4,1,2,1,2,2,3,2,1,4,3,3,3,5,5,5,3,3,5,7,6,5,6,6,7,6,6,6,5,6,5,5,5,5,5
457,2,10,4,1,1,1,1,5,4,2,2,1,3,1,1,1,1,2,4,4,3,3,4,1,3,3,4,1,4,4,4,4,2,4,2,1,1,1,2,1,1,5,6,2,7,4,4,4,6,5,4,6,7,4,1,6,4,7,5,5,5,7
458,1,10,4,1,0,1,1,2,1,2,2,3,3,4,2,4,4,3,3,4,4,3,4,4,1,4,4,4,3,4,4,3,2,2,2,1,4,4,3,4,5,5,7,2,7,5,4,6,5,5,5,6,5,5,5,5,2,5,5,2,5,5
459,1,10,4,1,0,1,1,3,1,2,4,4,4,4,4,4,4,4,2,4,4,1,4,4,4,4,1,4,4,4,4,3,4,3,2,2,4,3,3,4,5,5,7,6,3,5,5,6,5,5,5,6,6,5,5,4,5,6,5,5,5,5
460,1,10,4,1,1,0,0,2,2,2,2,3,3,3,3,2,2,4,3,2,4,3,4,2,3,1,3,3,2,4,3,3,2,2,2,1,3,1,1,3,5,4,7,1,1,5,6,5,5,5,5,5,5,5,5,5,5,5,5,5,5,5
461,1,9,4,1,1,1,1,2,1,2,2,3,1,1,4,4,3,2,3,4,4,3,4,4,4,4,4,4,3,4,4,4,3,3,2,1,4,4,2,4,6,4,7,2,6,5,3,7,5,4,6,5,5,5,6,6,5,5,5,5,5,6
462,2,10,4,1,1,0,0,3,3,2,3,3,3,3,3,4,3,3,2,4,2,3,4,4,4,4,4,4,4,3,4,3,2,3,2,2,4,4,3,4,5,5,7,4,3,6,7,6,5,6,6,7,6,7,7,7,6,7,5,1,6,6
463,1,10,4,1,1,1,1,3,3,1,4,3,4,4,4,4,4,2,4,4,3,3,4,4,2,4,4,4,3,3,4,3,3,3,2,2,4,3,3,4,5,3,6,6,1,5,6,6,5,6,6,5,5,6,7,5,5,5,5,6,5,7
464,2,10,4,1,0,0,0,3,3,2,3,4,3,2,4,4,4,3,3,4,3,3,4,4,3,4,3,4,3,4,4,3,3,3,2,2,4,3,3,3,5,4,6,4,2,3,6,6,4,5,6,6,5,5,4,5,6,5,3,4,2,5
465,2,11,4,1,0,0,1,4,3,1,4,4,4,4,3,4,4,4,4,4,4,2,4,4,4,4,4,4,3,4,4,1,1,3,2,3,2,3,2,2,5,3,7,1,1,5,6,6,6,2,6,5,6,6,6,6,6,6,6,5,4,4
466,1,10,4,1,1,1,1,3,3,2,4,4,4,4,4,4,4,4,3,4,4,2,4,4,4,4,4,4,3,3,4,4,3,3,2,1,4,4,3,3,5,5,7,5,1,6,6,6,5,6,6,6,6,6,5,5,1,5,5,5,5,5
467,1,10,4,1,1,1,1,4,4,2,4,3,3,2,4,4,3,3,3,2,3,2,4,4,3,4,3,4,3,4,3,2,2,3,2,2,4,4,4,4,5,5,5,1,4,5,6,5,5,6,5,7,5,5,6,5,6,6,4,5,4,5
468,1,10,4,1,0,1,1,1,1,1,4,4,4,4,2,4,4,3,2,4,4,3,4,4,4,4,4,4,3,4,4,3,3,2,1,3,4,3,2,4,7,6,7,5,4,5,4,6,5,6,7,6,6,6,6,6,5,6,5,5,5,5
469,2,10,4,1,1,1,1,2,2,2,4,4,4,4,4,4,4,3,3,4,4,3,4,4,4,3,4,4,3,4,4,4,3,3,2,2,4,3,3,4,5,5,7,5,2,5,6,6,5,6,7,6,6,5,6,6,5,5,6,2,5,5
470,2,11,4,1,1,1,1,4,2,2,4,3,4,3,4,3,4,4,4,4,3,3,4,4,2,4,4,4,4,4,4,4,4,3,2,2,2,3,3,4,7,5,5,3,1,7,6,6,5,5,6,5,5,6,6,7,5,6,5,5,5,5
471,2,10,4,1,0,1,1,3,2,2,4,4,4,4,4,4,4,3,3,4,4,3,4,4,4,4,4,4,4,4,4,3,3,3,2,1,4,3,3,4,5,7,7,1,1,6,7,7,5,6,6,6,6,7,7,6,5,7,6,7,6,6
472,1,10,4,1,0,1,1,2,2,2,1,3,3,4,4,4,4,4,1,4,4,4,3,4,4,4,4,4,4,4,4,4,4,4,3,1,4,1,4,4,6,6,6,6,7,3,3,5,3,5,6,4,4,5,5,5,5,5,5,4,3,5
473,1,10,4,1,1,1,1,5,4,2,4,3,4,1,4,2,4,2,2,3,2,1,1,4,3,4,4,3,4,2,1,3,4,2,2,3,2,4,3,2,5,6,4,4,5,1,2,2,1,2,1,3,2,2,2,7,5,6,4,4,6,5
474,2,10,4,1,1,0,1,2,2,1,1,3,4,3,4,4,4,2,2,2,3,2,1,4,2,3,4,3,2,3,2,3,3,2,2,3,2,3,3,3,6,4,3,1,1,5,1,2,1,1,1,3,3,1,1,1,2,4,1,1,5,1
475,2,10,4,1,1,0,0,5,2,2,4,3,4,3,4,2,4,3,3,4,2,1,4,4,3,4,4,3,4,4,2,1,3,1,2,3,4,4,3,4,6,4,6,4,4,1,4,4,5,6,4,4,4,7,5,4,4,4,5,4,4,1
476,2,9,4,1,0,0,1,3,1,1,3,4,2,2,4,2,3,4,2,2,1,1,3,3,3,4,1,4,4,2,4,1,1,4,3,2,2,2,4,4,1,7,7,6,6,7,5,4,4,2,4,4,4,3,5,4,5,5,4,3,4,5
477,2,10,4,1,1,1,1,5,4,2,4,3,4,3,4,4,4,2,4,4,3,3,4,3,4,4,4,4,4,3,4,3,2,2,4,1,4,3,3,1,5,7,5,7,7,7,7,6,4,4,5,5,5,6,6,4,5,5,5,6,6,5
478,2,10,4,1,1,0,1,4,2,1,4,3,4,2,4,3,4,3,3,1,1,2,2,3,3,4,4,3,3,2,1,1,2,2,1,3,3,2,4,1,4,4,6,3,7,6,5,4,5,5,5,5,4,4,5,6,5,5,4,5,4,3
479,2,10,4,1,1,1,1,5,2,2,3,3,4,4,4,4,4,3,2,1,1,3,4,3,4,4,4,4,3,2,1,2,1,1,1,4,4,4,4,4,2,3,3,3,1,4,2,5,1,4,4,4,4,4,1,1,1,1,4,4,4,4
480,2,10,4,1,1,1,,3,2,1,4,4,4,4,4,4,4,4,1,4,4,3,3,1,4,3,2,4,4,1,3,1,3,2,1,4,4,4,4,4,6,7,7,7,6,6,6,5,7,6,6,4,6,6,4,3,1,7,5,6,5,7
481,1,9,4,1,1,0,0,5,3,1,4,3,4,2,4,3,1,4,3,2,3,4,4,4,4,4,4,4,2,4,4,1,4,1,3,1,4,2,4,4,5,2,4,6,1,5,3,6,4,4,4,4,5,6,6,3,3,4,4,5,3,5
482,2,10,4,1,1,0,0,3,1,2,3,2,4,3,3,2,3,2,2,2,3,3,3,4,3,2,3,2,1,3,1,2,3,4,4,2,2,1,2,2,4,3,4,4,5,2,4,5,5,4,4,3,4,4,3,4,3,4,2,3,4,5
483,2,10,3,1,1,1,1,3,3,2,1,1,1,4,4,1,1,1,4,4,4,1,4,4,4,4,4,4,4,4,1,4,4,4,1,1,4,1,4,4,6,5,4,5,5,5,7,5,3,2,2,2,2,2,2,2,2,2,2,2,2,2
484,1,9,3,1,0,0,1,3,1,1,3,2,4,4,4,4,3,4,4,4,4,4,4,4,4,4,4,4,3,4,2,4,3,3,3,3,3,1,4,2,5,7,7,5,1,7,7,7,6,7,7,7,5,7,1,7,7,7,7,6,6,7
485,1,8,3,1,0,1,1,2,2,2,3,3,4,4,3,3,3,3,2,3,2,3,4,4,3,4,3,4,4,4,2,3,3,3,3,3,2,3,4,3,5,3,3,5,2,6,5,5,1,6,3,4,4,3,4,4,3,2,3,4,4,4
486,1,9,3,1,0,1,1,3,3,2,1,1,2,1,3,1,2,1,3,3,4,1,4,4,4,4,1,1,4,4,4,4,2,1,4,1,3,1,1,1,4,5,6,2,7,6,5,7,4,5,5,2,4,4,5,4,5,7,5,4,6,7
487,2,10,3,1,1,1,1,4,2,2,4,3,4,3,4,3,1,1,4,4,4,1,4,1,4,4,4,4,4,2,1,1,1,2,2,3,1,3,4,1,7,7,7,7,7,7,4,5,4,1,5,6,5,5,1,5,1,4,4,5,5,6
488,2,8,3,1,0,1,1,3,2,2,1,1,1,1,1,3,1,4,4,4,2,4,4,4,4,4,4,1,3,4,3,4,3,3,3,1,4,1,2,2,5,7,6,5,7,5,5,4,2,5,7,7,6,7,5,5,5,7,7,6,6,6
489,1,9,3,1,0,1,1,3,3,2,3,4,4,1,4,1,4,2,4,4,4,1,4,4,1,4,3,1,4,4,1,1,2,2,4,3,1,1,1,1,1,7,7,7,7,5,7,7,1,2,1,7,1,7,7,7,3,7,3,1,1,7
490,2,8,3,1,0,1,1,5,4,2,4,4,4,3,4,4,3,4,3,4,1,1,4,4,3,4,4,4,4,3,4,1,2,1,3,2,3,2,4,2,3,2,7,1,1,5,1,7,7,6,6,7,6,5,6,7,2,6,5,5,3,5
491,1,9,3,1,1,1,1,1,1,2,4,4,4,1,4,4,4,4,4,1,4,1,4,4,4,4,1,4,4,4,4,1,1,1,1,4,4,1,4,3,6,6,6,6,6,6,6,6,5,5,5,5,5,5,5,5,5,5,5,5,5,5
492,1,9,3,1,1,1,1,2,2,2,4,2,4,2,4,4,4,2,1,1,3,4,3,4,4,4,2,4,2,1,1,1,3,3,1,3,4,4,2,4,4,4,4,3,6,3,4,5,5,1,5,4,5,4,4,4,2,7,5,4,4,5
493,2,9,3,1,0,1,1,3,1,2,4,3,4,3,4,4,4,4,1,2,1,1,3,3,4,4,3,4,3,1,1,1,2,1,1,3,4,2,3,4,1,3,2,2,4,5,4,4,2,3,1,4,4,5,5,5,5,2,5,5,5,5
494,2,9,3,1,1,1,1,5,4,2,3,3,3,2,2,3,3,3,2,3,2,2,4,2,3,3,3,3,3,3,2,2,3,3,2,3,3,3,3,3,5,2,3,4,5,5,4,6,4,6,5,5,6,5,4,5,5,4,5,4,5,5
495,2,9,3,1,1,1,1,4,3,2,4,4,4,4,4,1,4,4,4,4,4,1,3,4,2,4,4,4,4,4,4,4,4,4,4,1,4,1,2,2,5,7,7,5,7,5,7,7,5,5,5,5,7,5,5,7,5,5,5,5,5,7
496,1,10,3,1,0,0,1,3,1,1,2,3,2,4,2,1,3,3,3,3,3,1,3,3,3,4,3,4,3,4,4,4,2,1,3,4,2,4,3,1,5,3,6,2,4,2,4,4,3,1,2,4,3,5,3,2,5,2,3,5,2,3
497,2,9,3,1,1,1,1,2,2,2,1,1,4,1,1,4,2,1,2,4,2,4,4,4,3,1,4,4,4,4,3,4,4,2,4,3,2,4,2,4,7,7,7,4,4,6,3,7,6,1,4,7,6,5,2,4,2,4,7,4,6,3
498,1,9,3,1,0,0,0,4,2,2,4,2,2,3,4,4,2,1,4,4,4,1,1,4,4,4,4,4,4,4,4,2,4,1,3,4,4,4,4,4,4,3,7,4,7,1,4,4,4,4,4,1,2,1,4,4,4,4,3,4,3,4
499,2,9,3,1,1,1,1,3,3,2,3,3,4,3,4,1,2,3,2,4,1,3,4,3,3,3,2,2,3,3,3,3,3,3,2,3,4,2,2,2,4,4,5,4,1,5,4,4,3,4,4,1,5,5,1,4,4,4,5,5,4,4
500,1,10,3,1,0,1,1,3,1,2,4,4,4,4,4,4,4,4,1,4,4,4,3,4,4,4,4,4,4,4,4,4,4,4,4,4,4,4,4,4,7,7,7,7,1,5,6,7,2,7,7,7,7,7,7,7,5,5,6,4,6,7
501,2,10,3,1,1,1,1,3,1,2,4,4,4,4,4,4,4,4,1,2,4,3,4,4,4,4,1,4,4,4,4,4,4,2,4,4,4,4,4,4,7,1,7,1,1,1,4,2,1,4,3,4,4,3,1,1,3,5,1,2,1,4
502,1,10,3,1,1,1,1,5,4,2,4,4,4,4,4,4,4,4,4,4,4,4,4,4,3,4,4,4,3,4,4,4,4,4,4,3,4,4,4,2,7,4,7,7,2,1,1,7,1,7,3,1,6,3,4,3,1,3,4,1,1,5
503,1,9,3,1,1,1,1,4,2,2,4,4,4,4,4,4,4,4,1,4,4,4,4,4,4,4,4,4,4,4,4,4,4,4,4,4,4,4,4,4,7,7,7,7,1,1,6,7,1,5,6,7,7,7,5,5,1,1,5,5,6,6
504,2,9,3,1,0,0,1,3,1,1,4,4,4,4,4,4,4,4,4,4,4,4,3,4,4,4,4,4,4,4,4,4,4,4,4,4,4,4,4,1,7,7,6,7,1,1,1,7,1,2,7,7,7,7,2,3,1,1,3,2,2,7
505,1,9,3,1,1,1,1,5,2,2,4,4,4,4,4,4,4,4,1,1,4,4,4,4,4,4,4,4,4,4,4,4,4,4,4,4,4,4,4,4,7,7,7,7,7,5,6,7,7,6,7,6,6,6,6,5,5,5,6,6,6,6
506,1,9,3,1,1,1,1,3,2,2,4,4,4,4,4,4,4,4,4,4,4,4,4,4,4,4,4,4,4,4,4,4,4,4,4,4,4,4,4,4,7,7,7,7,5,7,6,7,3,1,5,5,7,7,4,5,5,4,7,4,5,6
507,2,9,3,1,0,1,1,4,3,2,3,4,2,4,4,4,4,4,1,2,3,4,4,4,4,4,4,4,4,1,1,3,4,3,4,4,4,4,4,4,7,5,7,6,3,5,4,6,1,4,5,6,5,6,3,7,2,1,7,6,5,6
508,2,10,3,1,1,1,1,5,1,2,4,4,4,4,4,4,4,4,1,1,4,4,4,4,4,4,4,4,4,1,4,4,4,4,4,4,4,4,4,4,7,7,7,7,1,1,5,6,2,6,4,1,7,7,1,5,1,1,4,1,4,7
509,2,9,3,1,1,1,1,3,2,2,3,4,4,4,4,4,4,4,4,3,4,4,3,4,4,4,4,4,3,4,4,4,4,4,4,4,4,4,4,4,7,5,7,6,3,6,5,7,6,7,4,5,7,7,5,6,4,5,7,4,6,7
510,2,9,3,1,0,1,1,5,3,2,4,4,4,4,4,4,4,4,1,3,4,3,4,4,4,4,4,4,4,3,3,3,3,3,3,1,4,4,4,4,7,5,7,7,2,5,4,7,3,5,7,6,6,4,3,7,4,4,7,4,7,7
511,2,9,3,1,1,1,1,4,2,2,4,4,4,4,4,4,4,4,1,4,4,4,3,4,4,4,4,4,3,4,4,4,4,4,4,4,4,4,4,3,7,7,7,7,4,5,3,7,1,7,3,5,7,4,1,7,1,1,7,1,4,7
512,2,9,3,1,1,1,1,5,4,2,4,4,4,4,4,4,4,4,1,1,4,4,4,4,4,4,4,4,4,4,4,4,4,4,4,4,4,4,4,4,7,6,6,6,1,5,1,6,4,4,5,5,6,5,6,1,1,5,5,6,5,5
513,2,9,3,1,0,1,1,5,1,2,4,4,4,4,4,4,4,4,1,1,2,3,4,1,4,4,4,4,4,2,4,4,4,4,4,4,4,4,4,4,7,6,7,6,1,5,4,5,1,1,3,4,5,1,1,5,1,1,1,1,1,1
514,1,10,4,1,1,0,0,3,3,2,4,4,4,4,4,4,4,4,4,4,4,3,4,4,1,4,4,4,3,4,4,3,3,3,2,1,4,3,3,4,5,5,7,2,1,5,6,7,5,6,6,6,6,6,6,6,5,6,5,5,5,5
515,2,9,4,1,0,1,1,2,1,2,4,3,4,4,1,4,3,3,4,4,4,3,4,4,1,4,4,4,3,4,4,3,3,3,2,2,4,4,3,4,5,5,7,2,1,5,7,7,5,6,6,6,6,7,6,6,5,6,5,5,5,5
516,1,10,4,1,0,1,1,3,3,2,2,4,4,4,4,4,4,3,3,3,4,3,4,4,4,4,4,4,3,1,4,3,3,3,2,3,4,3,3,4,5,4,7,1,2,5,6,6,5,6,5,5,5,5,6,6,5,5,6,5,6,5
517,1,10,4,1,1,0,1,1,1,1,2,2,4,4,1,4,4,3,4,4,4,3,4,4,1,4,4,4,3,4,4,3,3,3,2,2,1,4,3,3,4,5,7,3,7,5,6,5,4,4,5,6,6,5,6,6,5,5,6,4,5,5
518,1,10,4,1,1,1,1,2,2,2,4,3,3,4,4,4,3,3,2,4,4,2,4,4,4,4,4,4,3,4,4,3,2,3,2,1,4,4,3,3,5,4,7,1,3,4,6,6,5,7,5,5,5,5,5,5,5,5,5,5,5,5
519,2,10,4,1,0,0,0,3,3,2,3,3,3,4,3,4,1,3,3,4,4,3,4,4,3,4,4,4,3,4,4,3,3,3,2,2,4,4,2,4,5,5,7,5,3,5,5,6,5,6,6,5,6,6,5,6,5,5,6,5,5,5
520,2,10,4,1,0,0,0,4,4,2,3,3,4,4,4,4,4,3,3,4,4,2,4,4,4,4,4,4,3,4,4,3,4,3,2,1,1,3,3,4,5,5,7,5,4,5,7,6,5,6,6,7,6,7,6,7,6,5,5,5,5,6
521,1,10,4,1,1,0,0,2,2,2,4,4,4,4,4,4,4,4,1,4,4,3,4,4,4,4,4,4,3,4,4,4,4,3,2,1,4,3,3,3,5,5,7,1,2,6,6,6,5,6,7,7,6,6,6,6,5,6,6,6,6,6
522,1,11,4,1,1,0,0,4,3,2,4,4,4,1,1,4,4,4,4,4,1,4,4,4,4,4,4,4,4,1,1,1,1,1,1,4,4,4,4,4,3,7,7,7,1,5,7,3,1,1,4,6,1,7,1,1,1,2,1,1,1,1
523,1,10,4,1,1,1,1,2,1,2,3,3,3,3,3,3,4,4,3,3,2,1,4,4,3,4,4,4,4,3,2,2,2,1,1,3,3,4,3,3,3,4,5,6,7,1,4,5,7,6,3,3,3,3,3,4,5,5,3,3,2,1
524,2,10,4,1,1,0,0,4,1,2,3,3,2,2,2,3,2,3,3,2,4,2,3,3,3,3,2,3,2,3,3,2,2,3,3,2,2,3,3,4,5,4,3,4,2,3,4,4,5,5,4,5,4,5,3,4,4,3,4,3,3,4
525,2,10,4,1,1,0,0,3,3,2,4,4,4,4,4,4,4,4,1,1,1,1,4,4,4,4,4,4,2,1,2,1,1,3,1,4,4,4,4,1,1,1,1,1,1,6,6,6,5,6,6,6,6,6,6,6,6,7,6,7,5,6
526,2,10,4,1,1,1,1,5,1,2,2,3,2,1,2,1,2,1,1,3,3,3,3,4,2,1,3,2,3,3,4,3,3,3,2,1,2,1,2,2,7,4,6,5,4,2,2,5,1,3,2,4,4,4,3,5,4,5,5,2,2,3
527,2,10,4,1,0,0,1,5,4,1,4,4,4,4,4,1,4,4,4,4,4,1,4,4,4,4,4,4,4,4,1,3,3,1,3,4,4,4,2,4,7,4,6,5,4,7,4,7,4,4,5,7,7,7,1,4,4,4,5,4,4,4
528,2,11,4,1,0,0,0,4,3,2,4,4,4,3,4,4,4,4,2,3,3,1,4,4,3,4,2,4,3,1,1,1,4,1,3,3,4,3,4,4,3,5,5,1,5,5,2,3,5,1,5,6,5,6,2,1,1,6,1,1,3,4
529,1,10,4,1,1,0,0,2,2,2,3,3,4,4,3,4,4,4,3,3,3,1,3,3,4,3,3,2,3,3,3,1,1,2,1,4,2,4,4,4,3,3,3,2,6,1,1,1,7,7,7,7,1,2,1,3,1,1,1,3,1,1
530,1,9,4,1,1,0,0,1,1,2,3,3,4,2,4,4,2,3,4,3,3,2,4,3,4,4,4,4,4,3,2,2,2,3,3,1,4,4,4,4,3,5,6,3,4,5,5,4,1,5,5,5,6,5,4,4,1,4,1,2,2,4
531,2,10,4,1,1,1,1,5,2,2,4,3,4,3,3,3,4,3,3,3,3,3,3,3,3,4,3,4,3,3,3,3,3,1,3,3,3,2,4,3,5,4,5,4,3,5,4,5,2,4,5,5,6,6,5,6,2,5,4,4,5,6
532,2,10,4,1,0,1,1,4,2,2,3,2,4,1,1,1,2,4,2,4,3,4,3,4,3,4,2,3,2,1,4,1,2,4,3,1,3,2,3,2,4,3,4,1,7,5,1,4,5,1,2,5,3,5,2,1,3,5,4,1,2,2
533,2,9,4,1,1,1,1,5,4,2,4,2,4,4,2,4,3,4,2,4,4,3,3,2,4,3,2,4,2,2,4,3,3,2,1,2,4,3,4,3,1,3,7,1,1,7,6,4,5,1,5,6,5,4,3,2,1,6,5,5,2,5
534,1,10,4,1,1,0,0,3,1,2,4,4,4,4,4,4,4,4,1,1,1,1,4,4,4,4,4,4,4,1,4,1,1,1,1,4,4,4,4,4,1,3,1,1,1,5,1,1,1,1,1,2,3,1,1,1,1,1,1,1,1,1
535,2,11,4,1,1,1,1,4,3,2,2,4,4,4,3,4,3,4,3,4,3,2,4,4,1,4,4,4,3,2,3,3,4,3,4,1,4,2,4,4,2,6,6,6,4,5,6,5,3,4,4,7,5,6,5,6,7,7,6,6,5,7
